<?xml version="1.0"?>
<effect>
  <particle position-x="0" position-y="0" position-z="32" lifetime="128">
    <rotation imageset="graphics/particles/arrowh-banshee.png" width="16" height="16">
      <sequence start="0" end="7"/>
    </rotation>
    <emitter>
      <property name="image" value="graphics/particles/star-small.png|W:#512C75,222222"/>
      <property name="lifetime" value="90"/>
      <property name="fade-in" value="10"/>
      <property name="fade-out" value="90"/>
      <property name="output" min="0" max="1"/>
      <property name="power" min="0" max="2"/>
      <property name="horizontal-angle" min="-15" max="-175"/>
      <property name="momentum" value="0.95"/>
      <property name="randomness" value="200"/>
      <property name="vertical-angle" min="0" max="90"/>
    </emitter>
    <emitter>
      <property name="image" value="graphics/particles/star-small.png|W:#262B2F,333333"/>
      <property name="lifetime" value="90"/>
      <property name="fade-in" value="10"/>
      <property name="fade-out" value="90"/>
      <property name="output" min="0" max="1"/>
      <property name="power" min="0" max="2"/>
      <property name="horizontal-angle" min="-15" max="-175"/>
      <property name="momentum" value="0.95"/>
      <property name="randomness" value="200"/>
      <property name="vertical-angle" min="0" max="90"/>
    </emitter>
    <emitter>
      <property name="image" value="graphics/particles/orb-small.png|W:#222222"/>
      <property name="lifetime" value="90"/>
      <property name="fade-in" value="10"/>
      <property name="fade-out" value="90"/>
      <property name="output" min="0" max="1"/>
      <property name="power" min="0" max="2"/>
      <property name="horizontal-angle" min="-15" max="-175"/>
      <property name="momentum" value="0.95"/>
      <property name="randomness" value="200"/>
      <property name="vertical-angle" min="0" max="90"/>
    </emitter>
  </particle>
</effect>
