<?xml version="1.0"?>
<!--
An explosion of white particles.
-->
<effect>
  <particle position-x="0" position-y="0" position-z="16" lifetime="1">
    <emitter>
      <property name="position-x" min="-8" max="8"/>
      <property name="position-y" min="-8" max="8"/>
      <property name="vertical-angle" min="70" max="90"/>
      <property name="horizontal-angle" min="0" max="360"/>
      <property name="power" min="1" max="4"/>
      <property name="bounce" value="0.75"/>
      <property name="gravity" value="0.1"/>
      <property name="image" value="graphics/particles/star-small.png|W:#ff0000,ffff00"/>
      <property name="lifetime" min="120" max="180"/>
      <property name="fade-out" value="120"/>
      <property name="output" min="6" max="12"/>
    </emitter>
    <emitter>
      <property name="position-x" min="-8" max="8"/>
      <property name="position-y" min="-8" max="8"/>
      <property name="vertical-angle" min="70" max="90"/>
      <property name="horizontal-angle" min="0" max="360"/>
      <property name="power" min="1" max="4"/>
      <property name="bounce" value="0.75"/>
      <property name="gravity" value="0.1"/>
      <property name="image" value="graphics/particles/star-medium.png|W:#ff0000,ffff00"/>
      <property name="lifetime" min="120" max="180"/>
      <property name="fade-out" value="120"/>
      <property name="output" min="12" max="24"/>
    </emitter>
  </particle>
</effect>
