<?xml version="1.0"?>
<!--
    Flying shadow-bats and dark fog
-->
<effect>
  <particle position-x="0" position-y="0" position-z="16" lifetime="1">
    <emitter>
      <property name="position-z" min="14" max="18"/>
      <property name="position-y" min="-8" max="8"/>
      <property name="position-x" min="-8" max="8"/>
      <property name="vertical-angle" min="0" max="0"/>
      <property name="power" value="5"/>
      <property name="lifetime" value="1"/>
      <property name="output" value="64"/>
      <emitter>
        <property name="gravity" value="-0.09"/>
        <animation imageset="graphics/particles/bat-shadow.png" width="24" height="16">
          <sequence start="0" end="1" delay="50"/>
        </animation>
        <property name="lifetime" value="150"/>
        <property name="fade-in" value="10"/>
        <property name="fade-out" value="150"/>
        <property name="output" min="0" max="1"/>
        <property name="power" min="4" max="8"/>
        <property name="horizontal-angle" min="-15" max="-175"/>
        <property name="momentum" value="0.97"/>
        <property name="randomness" value="50"/>
        <property name="vertical-angle" min="0" max="90"/>
      </emitter>
      <emitter>
        <property name="image" value="graphics/particles/fog-medium-b.png|W:#333333"/>
        <property name="lifetime" value="90"/>
        <property name="fade-in" value="10"/>
        <property name="fade-out" value="90"/>
        <property name="output" min="0" max="1"/>
        <property name="power" min="4" max="8"/>
        <property name="horizontal-angle" min="-15" max="-175"/>
        <property name="momentum" value="0.9"/>
        <property name="randomness" value="50"/>
        <property name="vertical-angle" min="0" max="90"/>
      </emitter>
      <emitter>
        <property name="image" value="graphics/particles/fog-medium-b.png|W:#333333"/>
        <property name="image" value="graphics/particles/orb-small.png|W:#333333"/>
        <property name="lifetime" value="90"/>
        <property name="fade-in" value="10"/>
        <property name="fade-out" value="90"/>
        <property name="output" min="0" max="1"/>
        <property name="power" min="4" max="8"/>
        <property name="horizontal-angle" min="-15" max="-175"/>
        <property name="momentum" value="0.9"/>
        <property name="randomness" value="50"/>
        <property name="vertical-angle" min="0" max="90"/>
      </emitter>
    </emitter>
  </particle>
</effect>
