<?xml version="1.0"?>
<!--
Dark purple aura
-->
<effect>
  <particle position-x="0" position-y="0" position-z="0">
    <emitter>
      <property name="position-x" min="-24" max="24"/>
      <property name="position-z" min="2" max="32"/>
      <property name="position-y" value="32"/>
      <property name="vertical-angle" value="90"/>
      <property name="power" value="40"/>
      <property name="lifetime" value="1"/>
      <property name="output" value="2"/>
      <emitter>
        <property name="gravity" value="-0.1"/>
        <property name="momentum" value="0.7"/>
        <property name="image" value="graphics/particles/fog-medium-a.png|W:#855385,5b3558"/>
        <property name="lifetime" value="100"/>
        <property name="fade-in" value="200"/>
        <property name="fade-out" value="250"/>
        <property name="output" min="0" max="1"/>
      </emitter>
      <emitter>
        <property name="gravity" value="-0.1"/>
        <property name="momentum" value="0.9"/>
        <property name="image" value="graphics/particles/vline-small.png|W:#944ADE"/>
        <property name="lifetime" value="100"/>
        <property name="fade-in" value="10"/>
        <property name="fade-out" value="50"/>
        <property name="output" min="0" max="1"/>
        <property name="randomness" min="10" max="20"/>
      </emitter>
    </emitter>
    <emitter>
      <property name="position-x" min="-24" max="24"/>
      <property name="position-z" min="2" max="32"/>
      <property name="gravity" value="-0.01"/>
      <property name="lifetime" value="180"/>
      <property name="fade-out" value="40"/>
      <property name="output" value="1"/>
      <property name="output-pause" min="11" max="61"/>
      <property name="follow-parent"/>
      <animation imageset="graphics/particles/mist-face-a.png|W:#855385" width="30" height="30">
        <sequence start="0" end="2" delay="300"/>
        <frame index="3"/>
      </animation>
    </emitter>
    <emitter>
      <property name="position-x" min="-24" max="24"/>
      <property name="position-z" min="2" max="32"/>
      <property name="gravity" value="-0.01"/>
      <property name="lifetime" value="180"/>
      <property name="fade-out" value="40"/>
      <property name="output" value="1"/>
      <property name="output-pause" min="17" max="67"/>
      <property name="follow-parent"/>
      <animation imageset="graphics/particles/mist-face-b.png|W:#5b3558" width="30" height="30">
        <sequence start="0" end="2" delay="300"/>
        <frame index="3"/>
      </animation>
    </emitter>
  </particle>
</effect>
