<?xml version="1.0"?>
<!--
    Sparks and blue orbs raising slowly above the caster
-->
<effect>
  <particle position-x="0" position-y="0" position-z="16" lifetime="1">
    <emitter>
      <property name="position-z" min="14" max="18"/>
      <property name="position-y" min="-8" max="8"/>
      <property name="position-x" min="-8" max="8"/>
      <property name="vertical-angle" min="0" max="0"/>
      <property name="power" value="5"/>
      <property name="lifetime" value="1"/>
      <property name="output" value="64"/>
      <emitter>
        <property name="position-y" min="16" max="32"/>
        <property name="gravity" value="-0.11"/>
        <property name="image" value="graphics/particles/star-small.png|W:#CDF5FF,FFFFFF"/>
        <property name="lifetime" value="100"/>
        <property name="fade-in" value="10"/>
        <property name="fade-out" value="90"/>
        <property name="output" min="0" max="1"/>
        <property name="power" min="2" max="4"/>
        <property name="bounce" min="0" max="0.6"/>
        <property name="horizontal-angle" min="0" max="360"/>
      </emitter>
      <emitter>
        <property name="gravity" value="0.07"/>
        <property name="image" value="graphics/particles/star-small.png|W:#99E8FF,FFFFFF"/>
        <property name="lifetime" value="100"/>
        <property name="fade-in" value="10"/>
        <property name="fade-out" value="90"/>
        <property name="output" min="0" max="1"/>
        <property name="power" min="1" max="4"/>
        <property name="bounce" min="0" max="0.75"/>
        <property name="horizontal-angle" min="0" max="360"/>
      </emitter>
      <emitter>
        <property name="gravity" value="-0.1"/>
        <property name="image" value="graphics/particles/vline-small.png|W:#A3EAFF"/>
        <property name="lifetime" value="100"/>
        <property name="fade-in" value="10"/>
        <property name="fade-out" value="90"/>
        <property name="output" min="1" max="2"/>
        <property name="vertical-angle" value="90"/>
        <property name="power" min="2" max="10"/>
      </emitter>
    </emitter>
  </particle>
</effect>
