<?xml version="1.0"?>
<!--
    Small yellow orbs and brown sparks
-->
<effect>
  <particle position-x="0" position-y="0" position-z="16" lifetime="1">
    <emitter>
      <property name="position-z" min="14" max="18"/>
      <property name="position-y" min="-8" max="8"/>
      <property name="position-x" min="-8" max="8"/>
      <property name="vertical-angle" min="0" max="0"/>
      <property name="power" value="5"/>
      <property name="lifetime" value="1"/>
      <property name="output" value="22"/>
      <emitter>
        <property name="image" value="graphics/particles/orb-medium.png|W:#F8C429"/>
        <property name="lifetime" value="70"/>
        <property name="fade-in" value="0"/>
        <property name="fade-out" value="15"/>
        <property name="output" min="0" max="1"/>
        <property name="power" min="0" max="2"/>
        <property name="horizontal-angle" min="-15" max="-175"/>
        <property name="momentum" value="0.95"/>
        <property name="randomness" value="100"/>
        <property name="vertical-angle" min="0" max="90"/>
      </emitter>
      <emitter>
        <property name="image" value="graphics/particles/star-small.png|W:#5C3A1B,293D0D"/>
        <property name="lifetime" value="70"/>
        <property name="fade-in" value="0"/>
        <property name="fade-out" value="15"/>
        <property name="output" min="0" max="2"/>
        <property name="power" min="0" max="2"/>
        <property name="horizontal-angle" min="-15" max="-175"/>
        <property name="momentum" value="0.95"/>
        <property name="randomness" value="100"/>
        <property name="vertical-angle" min="0" max="90"/>
      </emitter>
      <emitter>
        <property name="image" value="graphics/particles/orb-small.png|W:#FFFF19"/>
        <property name="lifetime" value="90"/>
        <property name="fade-in" value="0"/>
        <property name="fade-out" value="15"/>
        <property name="output" min="1" max="3"/>
        <property name="power" min="0" max="2"/>
        <property name="horizontal-angle" min="-15" max="-175"/>
        <property name="momentum" value="0.96"/>
        <property name="randomness" value="100"/>
        <property name="vertical-angle" min="0" max="90"/>
      </emitter>
    </emitter>
  </particle>
</effect>
