<?xml version="1.0"?>
<sprite>
  <imageset name="equipment" src="graphics/sprites/equipment/head/bull.png" width="27" height="26"/>
  <action name="stand" imageset="equipment">
    <animation direction="down">
      <frame index="0" offsetX="-1" offsetY="-37"/>
    </animation>
    <animation direction="left">
      <frame index="1" offsetX="-1" offsetY="-39"/>
    </animation>
    <animation direction="up">
      <frame index="2" offsetX="-2" offsetY="-37"/>
    </animation>
    <animation direction="right">
      <frame index="3" offsetX="0" offsetY="-39"/>
    </animation>
  </action>
  <action name="walk" imageset="equipment">
    <animation direction="down">
      <frame index="0" offsetX="-1" offsetY="-36" delay="75"/>
      <frame index="0" offsetX="-1" offsetY="-37" delay="150"/>
      <frame index="0" offsetX="-1" offsetY="-36" delay="75"/>
      <frame index="0" offsetX="-1" offsetY="-37" delay="150"/>
    </animation>
    <animation direction="left">
      <frame index="1" offsetX="-1" offsetY="-39" delay="75"/>
      <frame index="1" offsetX="-1" offsetY="-38" delay="75"/>
      <frame index="1" offsetX="-1" offsetY="-39" delay="150"/>
      <frame index="1" offsetX="-1" offsetY="-38" delay="75"/>
      <frame index="1" offsetX="-1" offsetY="-39" delay="75"/>
    </animation>
    <animation direction="up">
      <frame index="2" offsetX="-2" offsetY="-37" delay="75"/>
      <frame index="2" offsetX="-2" offsetY="-38" delay="150"/>
      <frame index="2" offsetX="-2" offsetY="-37" delay="75"/>
      <frame index="2" offsetX="-2" offsetY="-38" delay="150"/>
    </animation>
    <animation direction="right">
      <frame index="3" offsetX="0" offsetY="-39" delay="75"/>
      <frame index="3" offsetX="0" offsetY="-38" delay="75"/>
      <frame index="3" offsetX="0" offsetY="-39" delay="150"/>
      <frame index="3" offsetX="0" offsetY="-38" delay="75"/>
      <frame index="3" offsetX="0" offsetY="-39" delay="75"/>
    </animation>
  </action>
  <action name="attack" imageset="equipment">
    <animation direction="down">
      <frame index="0" offsetX="-1" offsetY="-35" delay="75"/>
      <frame index="0" offsetX="-1" offsetY="-36" delay="75"/>
      <frame index="0" offsetX="-1" offsetY="-33" delay="75"/>
      <frame index="0" offsetX="-1" offsetY="-31" delay="75"/>
      <end/>
    </animation>
    <animation direction="left">
      <frame index="1" offsetX="3" offsetY="-40" delay="75"/>
      <frame index="1" offsetX="3" offsetY="-41" delay="75"/>
      <frame index="1" offsetX="-1" offsetY="-39" delay="75"/>
      <frame index="1" offsetX="-2" offsetY="-37" delay="75"/>
      <end/>
    </animation>
    <animation direction="up">
      <frame index="2" offsetX="-3" offsetY="-37" delay="225"/>
      <frame index="2" offsetX="-3" offsetY="-36" delay="75"/>
      <end/>
    </animation>
    <animation direction="right">
      <frame index="3" offsetX="-3" offsetY="-40" delay="75"/>
      <frame index="3" offsetX="-3" offsetY="-41" delay="75"/>
      <frame index="3" offsetX="0" offsetY="-39" delay="75"/>
      <frame index="3" offsetX="1" offsetY="-37" delay="75"/>
      <end/>
    </animation>
  </action>
  <action name="attack_bow" imageset="equipment">
    <animation direction="down">
      <frame index="0" offsetX="-1" offsetY="-35" delay="225"/>
      <frame index="0" offsetX="-1" offsetY="-34" delay="75"/>
      <frame index="0" offsetX="-1" offsetY="-35" delay="75"/>
      <end/>
    </animation>
    <animation direction="left">
      <frame index="1" offsetX="2" offsetY="-39" delay="225"/>
      <frame index="1" offsetX="4" offsetY="-40" delay="150"/>
      <end/>
    </animation>
    <animation direction="up">
      <frame index="2" offsetX="-2" offsetY="-37" delay="225"/>
      <frame index="2" offsetX="-3" offsetY="-36" delay="75"/>
      <frame index="2" offsetX="-3" offsetY="-37" delay="75"/>
      <end/>
    </animation>
    <animation direction="right">
      <frame index="3" offsetX="-3" offsetY="-39" delay="225"/>
      <frame index="3" offsetX="-5" offsetY="-40" delay="150"/>
      <end/>
    </animation>
  </action>
  <action name="sit" imageset="equipment">
    <animation direction="down">
      <frame index="0" offsetX="-1" offsetY="-24"/>
    </animation>
    <animation direction="left">
      <frame index="1" offsetX="3" offsetY="-30"/>
    </animation>
    <animation direction="up">
      <frame index="2" offsetX="-1" offsetY="-29"/>
    </animation>
    <animation direction="right">
      <frame index="3" offsetX="-6" offsetY="-30"/>
    </animation>
  </action>
  <action name="dead" imageset="equipment">
    <animation direction="default">
      <frame index="4" offsetX="38" offsetY="-6"/>
    </animation>
  </action>
  <action name="attack_2hand" imageset="equipment">
    <animation direction="down">
      <frame index="0" offsetX="-1" offsetY="-36" delay="140"/>
      <frame index="0" offsetX="-1" offsetY="-32" delay="140"/>
      <frame index="0" offsetX="-1" offsetY="-37" delay="140"/>
      <frame index="0" offsetX="-1" offsetY="-31" delay="140"/>
      <end/>
    </animation>
    <animation direction="left">
      <frame index="1" offsetX="-1" offsetY="-38" delay="140"/>
      <frame index="1" offsetX="2" offsetY="-41" delay="140"/>
      <frame index="1" offsetX="4" offsetY="-42" delay="140"/>
      <frame index="1" offsetX="-3" offsetY="-37" delay="140"/>
      <end/>
    </animation>
    <animation direction="up">
      <frame index="2" offsetX="-3" offsetY="-37" delay="280"/>
      <frame index="2" offsetX="-3" offsetY="-35" delay="140"/>
      <frame index="2" offsetX="-2" offsetY="-39" delay="140"/>
      <end/>
    </animation>
    <animation direction="right">
      <frame index="3" offsetX="2" offsetY="-38" delay="140"/>
      <frame index="3" offsetX="-1" offsetY="-41" delay="140"/>
      <frame index="3" offsetX="-3" offsetY="-42" delay="140"/>
      <frame index="3" offsetX="2" offsetY="-37" delay="140"/>
      <end/>
    </animation>
  </action>
  <action name="attack_sword_stab" imageset="equipment">
    <animation direction="down">
      <frame index="0" offsetX="-1" offsetY="-35" delay="100"/>
      <frame index="0" offsetX="-1" offsetY="-36" delay="100"/>
      <frame index="0" offsetX="-1" offsetY="-33" delay="100"/>
      <frame index="0" offsetX="-1" offsetY="-31" delay="100"/>
      <end/>
    </animation>
    <animation direction="left">
      <frame index="1" offsetX="3" offsetY="-40" delay="100"/>
      <frame index="1" offsetX="3" offsetY="-41" delay="100"/>
      <frame index="1" offsetX="-1" offsetY="-39" delay="100"/>
      <frame index="1" offsetX="-2" offsetY="-37" delay="100"/>
      <end/>
    </animation>
    <animation direction="up">
      <frame index="2" offsetX="-3" offsetY="-37" delay="300"/>
      <frame index="2" offsetX="-3" offsetY="-36" delay="100"/>
      <end/>
    </animation>
    <animation direction="right">
      <frame index="3" offsetX="-3" offsetY="-40" delay="100"/>
      <frame index="3" offsetX="-3" offsetY="-41" delay="100"/>
      <frame index="3" offsetX="0" offsetY="-39" delay="100"/>
      <frame index="3" offsetX="1" offsetY="-37" delay="100"/>
      <end/>
    </animation>
  </action>
  <action name="attack_spear" imageset="equipment">
    <animation direction="down">
      <frame index="0" offsetX="-2" offsetY="-38" delay="280"/>
      <frame index="0" offsetX="-2" offsetY="-39" delay="140"/>
      <frame index="0" offsetX="-2" offsetY="-31" delay="140"/>
      <end/>
    </animation>
    <animation direction="left">
      <frame index="1" offsetX="4" offsetY="-40" delay="140"/>
      <frame index="1" offsetX="5" offsetY="-41" delay="140"/>
      <frame index="1" offsetX="0" offsetY="-43" delay="140"/>
      <frame index="1" offsetX="-2" offsetY="-37" delay="140"/>
      <end/>
    </animation>
    <animation direction="up">
      <frame index="2" offsetX="-3" offsetY="-37" delay="420"/>
      <frame index="2" offsetX="-4" offsetY="-41" delay="140"/>
      <end/>
    </animation>
    <animation direction="right">
      <frame index="3" offsetX="-3" offsetY="-40" delay="140"/>
      <frame index="3" offsetX="-4" offsetY="-41" delay="140"/>
      <frame index="3" offsetX="1" offsetY="-43" delay="140"/>
      <frame index="3" offsetX="3" offsetY="-37" delay="140"/>
      <end/>
    </animation>
  </action>
  <action name="attack_chop" imageset="equipment">
    <animation direction="down">
      <frame index="0" offsetX="-1" offsetY="-35" delay="140"/>
      <frame index="0" offsetX="-2" offsetY="-36" delay="140"/>
      <frame index="0" offsetX="-1" offsetY="-38" delay="140"/>
      <frame index="0" offsetX="-1" offsetY="-32" delay="140"/>
      <end/>
    </animation>
    <animation direction="left">
      <frame index="1" offsetX="3" offsetY="-42" delay="140"/>
      <frame index="1" offsetX="3" offsetY="-41" delay="140"/>
      <frame index="1" offsetX="3" offsetY="-43" delay="140"/>
      <frame index="1" offsetX="-2" offsetY="-38" delay="140"/>
      <end/>
    </animation>
    <animation direction="up">
      <frame index="2" offsetX="-3" offsetY="-37" delay="280"/>
      <frame index="2" offsetX="-3" offsetY="-35" delay="140"/>
      <frame index="2" offsetX="-3" offsetY="-36" delay="140"/>
      <end/>
    </animation>
    <animation direction="right">
      <frame index="3" offsetX="-2" offsetY="-42" delay="140"/>
      <frame index="3" offsetX="-2" offsetY="-41" delay="140"/>
      <frame index="3" offsetX="-1" offsetY="-43" delay="140"/>
      <frame index="3" offsetX="3" offsetY="-38" delay="140"/>
      <end/>
    </animation>
  </action>
</sprite>
