<?xml version="1.0"?>
<sprite>
  <imageset height="44" name="base" src="graphics/sprites/equipment/head/candlehelmet.png" width="25"/>
  <imageset height="44" name="base_dead" src="graphics/sprites/equipment/head/candlehelmet.png" width="50"/>
  <action imageset="base" name="stand">
    <animation direction="down">
      <frame delay="75" index="0" offsetX="-1" offsetY="-39"/>
      <frame delay="75" index="1" offsetX="-1" offsetY="-39"/>
      <frame delay="75" index="2" offsetX="-1" offsetY="-39"/>
      <frame delay="75" index="3" offsetX="-1" offsetY="-39"/>
      <frame delay="75" index="4" offsetX="-1" offsetY="-39"/>
      <frame delay="75" index="5" offsetX="-1" offsetY="-39"/>
    </animation>
    <animation direction="left">
      <frame delay="75" index="6" offsetX="-2" offsetY="-38"/>
      <frame delay="75" index="7" offsetX="-2" offsetY="-38"/>
      <frame delay="75" index="8" offsetX="-2" offsetY="-38"/>
      <frame delay="75" index="9" offsetX="-2" offsetY="-38"/>
      <frame delay="75" index="10" offsetX="-2" offsetY="-38"/>
      <frame delay="75" index="11" offsetX="-2" offsetY="-38"/>
    </animation>
    <animation direction="up">
      <frame delay="75" index="12" offsetX="-2" offsetY="-38"/>
      <frame delay="75" index="13" offsetX="-2" offsetY="-38"/>
      <frame delay="75" index="14" offsetX="-2" offsetY="-38"/>
      <frame delay="75" index="15" offsetX="-2" offsetY="-38"/>
      <frame delay="75" index="16" offsetX="-2" offsetY="-38"/>
      <frame delay="75" index="17" offsetX="-2" offsetY="-38"/>
    </animation>
    <animation direction="right">
      <frame delay="75" index="18" offsetX="1" offsetY="-40"/>
      <frame delay="75" index="19" offsetX="1" offsetY="-40"/>
      <frame delay="75" index="20" offsetX="1" offsetY="-40"/>
      <frame delay="75" index="21" offsetX="1" offsetY="-40"/>
      <frame delay="75" index="22" offsetX="1" offsetY="-40"/>
      <frame delay="75" index="23" offsetX="1" offsetY="-40"/>
    </animation>
  </action>
  <action imageset="base" name="walk">
    <animation direction="down">
      <frame delay="75" index="0" offsetX="-1" offsetY="-38"/>
      <frame delay="75" index="1" offsetX="-1" offsetY="-39"/>
      <frame delay="75" index="2" offsetX="-1" offsetY="-39"/>
      <frame delay="75" index="3" offsetX="-1" offsetY="-38"/>
      <frame delay="75" index="4" offsetX="-1" offsetY="-39"/>
      <frame delay="75" index="5" offsetX="-1" offsetY="-39"/>
    </animation>
    <animation direction="left">
      <frame delay="75" index="6" offsetX="-2" offsetY="-38"/>
      <frame delay="75" index="7" offsetX="-2" offsetY="-37"/>
      <frame delay="75" index="8" offsetX="-2" offsetY="-38"/>
      <frame delay="75" index="9" offsetX="-2" offsetY="-38"/>
      <frame delay="75" index="10" offsetX="-2" offsetY="-37"/>
      <frame delay="75" index="11" offsetX="-2" offsetY="-38"/>
    </animation>
    <animation direction="up">
      <frame delay="75" index="12" offsetX="-2" offsetY="-38"/>
      <frame delay="75" index="13" offsetX="-2" offsetY="-39"/>
      <frame delay="75" index="14" offsetX="-2" offsetY="-39"/>
      <frame delay="75" index="15" offsetX="-2" offsetY="-38"/>
      <frame delay="75" index="16" offsetX="-2" offsetY="-39"/>
      <frame delay="75" index="17" offsetX="-2" offsetY="-39"/>
    </animation>
    <animation direction="right">
      <frame delay="75" index="18" offsetX="1" offsetY="-40"/>
      <frame delay="75" index="19" offsetX="1" offsetY="-39"/>
      <frame delay="75" index="20" offsetX="1" offsetY="-40"/>
      <frame delay="75" index="21" offsetX="1" offsetY="-40"/>
      <frame delay="75" index="22" offsetX="1" offsetY="-39"/>
      <frame delay="75" index="23" offsetX="1" offsetY="-40"/>
    </animation>
  </action>
  <action imageset="base" name="attack">
    <animation direction="down">
      <frame delay="75" index="0" offsetX="-1" offsetY="-36"/>
      <frame delay="75" index="1" offsetX="-1" offsetY="-38"/>
      <frame delay="75" index="2" offsetX="-1" offsetY="-35"/>
      <frame delay="75" index="3" offsetX="-1" offsetY="-34"/>
      <end/>
    </animation>
    <animation direction="left">
      <frame delay="75" index="6" offsetX="2" offsetY="-39"/>
      <frame delay="75" index="7" offsetX="2" offsetY="-40"/>
      <frame delay="75" index="8" offsetX="-2" offsetY="-37"/>
      <frame delay="75" index="9" offsetX="-3" offsetY="-36"/>
      <end/>
    </animation>
    <animation direction="up">
      <frame delay="75" index="12" offsetX="-3" offsetY="-38"/>
      <frame delay="75" index="13" offsetX="-3" offsetY="-38"/>
      <frame delay="75" index="14" offsetX="-3" offsetY="-38"/>
      <frame delay="75" index="15" offsetX="-3" offsetY="-35"/>
      <end/>
    </animation>
    <animation direction="right">
      <frame delay="75" index="18" offsetX="-2" offsetY="-41"/>
      <frame delay="75" index="19" offsetX="-2" offsetY="-42"/>
      <frame delay="75" index="20" offsetX="1" offsetY="-39"/>
      <frame delay="75" index="21" offsetX="2" offsetY="-38"/>
      <end/>
    </animation>
  </action>
  <action imageset="base" name="attack_bow">
    <animation direction="down">
      <frame delay="75" index="0" offsetX="-1" offsetY="-40"/>
      <frame delay="75" index="1" offsetX="-1" offsetY="-40"/>
      <frame delay="75" index="2" offsetX="-1" offsetY="-40"/>
      <frame delay="75" index="3" offsetX="-1" offsetY="-39"/>
      <frame delay="75" index="4" offsetX="-1" offsetY="-40"/>
      <end/>
    </animation>
    <animation direction="left">
      <frame delay="75" index="6" offsetX="3" offsetY="-41"/>
      <frame delay="75" index="7" offsetX="3" offsetY="-41"/>
      <frame delay="75" index="8" offsetX="3" offsetY="-41"/>
      <frame delay="75" index="9" offsetX="5" offsetY="-42"/>
      <frame delay="75" index="10" offsetX="5" offsetY="-42"/>
      <end/>
    </animation>
    <animation direction="up">
      <frame delay="75" index="12" offsetX="-2" offsetY="-42"/>
      <frame delay="75" index="13" offsetX="-2" offsetY="-42"/>
      <frame delay="75" index="14" offsetX="-3" offsetY="-42"/>
      <frame delay="75" index="15" offsetX="-3" offsetY="-41"/>
      <frame delay="75" index="16" offsetX="-3" offsetY="-42"/>
      <end/>
    </animation>
    <animation direction="right">
      <frame delay="75" index="18" offsetX="-3" offsetY="-41"/>
      <frame delay="75" index="19" offsetX="-3" offsetY="-41"/>
      <frame delay="75" index="20" offsetX="-3" offsetY="-41"/>
      <frame delay="75" index="21" offsetX="-5" offsetY="-42"/>
      <frame delay="75" index="22" offsetX="-5" offsetY="-42"/>
      <end/>
    </animation>
  </action>
  <action imageset="base" name="sit">
    <animation direction="down">
      <frame delay="75" index="0" offsetX="-1" offsetY="-27"/>
      <frame delay="75" index="1" offsetX="-1" offsetY="-27"/>
      <frame delay="75" index="2" offsetX="-1" offsetY="-27"/>
      <frame delay="75" index="3" offsetX="-1" offsetY="-27"/>
      <frame delay="75" index="4" offsetX="-1" offsetY="-27"/>
      <frame delay="75" index="5" offsetX="-1" offsetY="-27"/>
    </animation>
    <animation direction="left">
      <frame delay="75" index="6" offsetX="2" offsetY="-30"/>
      <frame delay="75" index="7" offsetX="2" offsetY="-30"/>
      <frame delay="75" index="8" offsetX="2" offsetY="-30"/>
      <frame delay="75" index="9" offsetX="2" offsetY="-30"/>
      <frame delay="75" index="10" offsetX="2" offsetY="-30"/>
      <frame delay="75" index="11" offsetX="2" offsetY="-30"/>
    </animation>
    <animation direction="up">
      <frame delay="75" index="12" offsetX="-1" offsetY="-30"/>
      <frame delay="75" index="13" offsetX="-1" offsetY="-30"/>
      <frame delay="75" index="14" offsetX="-1" offsetY="-30"/>
      <frame delay="75" index="15" offsetX="-1" offsetY="-30"/>
      <frame delay="75" index="16" offsetX="-1" offsetY="-30"/>
      <frame delay="75" index="17" offsetX="-1" offsetY="-30"/>
    </animation>
    <animation direction="right">
      <frame delay="75" index="18" offsetX="-5" offsetY="-30"/>
      <frame delay="75" index="19" offsetX="-5" offsetY="-30"/>
      <frame delay="75" index="20" offsetX="-5" offsetY="-30"/>
      <frame delay="75" index="21" offsetX="-5" offsetY="-30"/>
      <frame delay="75" index="22" offsetX="-5" offsetY="-30"/>
      <frame delay="75" index="23" offsetX="-5" offsetY="-30"/>
    </animation>
  </action>
  <action imageset="base_dead" name="dead">
    <animation direction="default">
      <frame delay="140" index="12" offsetX="40" offsetY="-7"/>
      <frame delay="140" index="13" offsetX="40" offsetY="-7"/>
      <frame delay="5000" index="14" offsetX="40" offsetY="-7"/>
    </animation>
  </action>
  <action name="attack_2hand" imageset="base">
    <animation direction="down">
      <frame index="0" offsetX="-2" offsetY="-35" delay="140"/>
      <frame index="1" offsetX="-2" offsetY="-33" delay="140"/>
      <frame index="2" offsetX="-2" offsetY="-38" delay="140"/>
      <frame index="3" offsetX="-2" offsetY="-32" delay="140"/>
      <end/>
    </animation>
    <animation direction="left">
      <frame index="6" offsetX="-3" offsetY="-35" delay="140"/>
      <frame index="7" offsetX="0" offsetY="-38" delay="140"/>
      <frame index="8" offsetX="2" offsetY="-38" delay="140"/>
      <frame index="9" offsetX="-5" offsetY="-34" delay="140"/>
      <end/>
    </animation>
    <animation direction="up">
      <frame index="12" offsetX="-4" offsetY="-37" delay="140"/>
      <frame index="13" offsetX="-4" offsetY="-37" delay="140"/>
      <frame index="14" offsetX="-4" offsetY="-35" delay="140"/>
      <frame index="15" offsetX="-3" offsetY="-37" delay="140"/>
      <end/>
    </animation>
    <animation direction="right">
      <frame index="18" offsetX="3" offsetY="-37" delay="140"/>
      <frame index="19" offsetX="0" offsetY="-40" delay="140"/>
      <frame index="20" offsetX="-2" offsetY="-40" delay="140"/>
      <frame index="21" offsetX="4" offsetY="-36" delay="140"/>
      <end/>
    </animation>
  </action>
  <action name="attack_sword_stab" imageset="base">
    <animation direction="down">
      <frame index="0" offsetX="-1" offsetY="-36" delay="100"/>
      <frame index="1" offsetX="-1" offsetY="-38" delay="100"/>
      <frame index="2" offsetX="-1" offsetY="-35" delay="100"/>
      <frame index="3" offsetX="-1" offsetY="-34" delay="100"/>
      <end/>
    </animation>
    <animation direction="left">
      <frame index="6" offsetX="2" offsetY="-39" delay="100"/>
      <frame index="7" offsetX="2" offsetY="-40" delay="100"/>
      <frame index="8" offsetX="-2" offsetY="-37" delay="100"/>
      <frame index="9" offsetX="-3" offsetY="-36" delay="100"/>
      <end/>
    </animation>
    <animation direction="up">
      <frame index="12" offsetX="-3" offsetY="-38" delay="100"/>
      <frame index="13" offsetX="-3" offsetY="-38" delay="100"/>
      <frame index="14" offsetX="-3" offsetY="-38" delay="100"/>
      <frame index="15" offsetX="-3" offsetY="-35" delay="100"/>
      <end/>
    </animation>
    <animation direction="right">
      <frame index="18" offsetX="-2" offsetY="-41" delay="100"/>
      <frame index="19" offsetX="-2" offsetY="-42" delay="100"/>
      <frame index="20" offsetX="1" offsetY="-39" delay="100"/>
      <frame index="21" offsetX="2" offsetY="-38" delay="100"/>
      <end/>
    </animation>
  </action>
  <action name="attack_spear" imageset="base">
    <animation direction="down">
      <frame index="0" offsetX="-3" offsetY="-38" delay="140"/>
      <frame index="1" offsetX="-3" offsetY="-39" delay="140"/>
      <frame index="2" offsetX="-3" offsetY="-40" delay="140"/>
      <frame index="3" offsetX="-3" offsetY="-34" delay="140"/>
      <end/>
    </animation>
    <animation direction="left">
      <frame index="6" offsetX="2" offsetY="-39" delay="140"/>
      <frame index="7" offsetX="5" offsetY="-37" delay="140"/>
      <frame index="8" offsetX="-2" offsetY="-39" delay="140"/>
      <frame index="9" offsetX="-2" offsetY="-36" delay="140"/>
      <end/>
    </animation>
    <animation direction="up">
      <frame index="12" offsetX="-5" offsetY="-38" delay="140"/>
      <frame index="13" offsetX="-4" offsetY="-38" delay="140"/>
      <frame index="14" offsetX="-4" offsetY="-37" delay="140"/>
      <frame index="15" offsetX="-5" offsetY="-41" delay="140"/>
      <end/>
    </animation>
    <animation direction="right">
      <frame index="18" offsetX="-2" offsetY="-41" delay="140"/>
      <frame index="19" offsetX="-4" offsetY="-39" delay="140"/>
      <frame index="20" offsetX="2" offsetY="-41" delay="140"/>
      <frame index="21" offsetX="3" offsetY="-38" delay="140"/>
      <end/>
    </animation>
  </action>
  <action name="attack_chop" imageset="base">
    <animation direction="down">
      <frame index="0" offsetX="-2" offsetY="-35" delay="140"/>
      <frame index="1" offsetX="-2" offsetY="-36" delay="140"/>
      <frame index="2" offsetX="-2" offsetY="-38" delay="140"/>
      <frame index="3" offsetX="-2" offsetY="-32" delay="140"/>
      <end/>
    </animation>
    <animation direction="left">
      <frame index="6" offsetX="1" offsetY="-39" delay="140"/>
      <frame index="7" offsetX="1" offsetY="-40" delay="140"/>
      <frame index="8" offsetX="1" offsetY="-40" delay="140"/>
      <frame index="9" offsetX="-4" offsetY="-36" delay="140"/>
      <end/>
    </animation>
    <animation direction="up">
      <frame index="12" offsetX="-4" offsetY="-37" delay="140"/>
      <frame index="13" offsetX="-4" offsetY="-36" delay="140"/>
      <frame index="14" offsetX="-4" offsetY="-36" delay="140"/>
      <frame index="15" offsetX="-4" offsetY="-34" delay="140"/>
      <end/>
    </animation>
    <animation direction="right">
      <frame index="18" offsetX="-2" offsetY="-41" delay="140"/>
      <frame index="19" offsetX="-1" offsetY="-42" delay="140"/>
      <frame index="20" offsetX="-1" offsetY="-42" delay="140"/>
      <frame index="21" offsetX="4" offsetY="-38" delay="140"/>
      <end/>
    </animation>
  </action>
</sprite>
