<?xml version="1.0"?>
<sprite>
  <imageset name="base" src="graphics/sprites/equipment/head/candlehelmet.png" width="25" height="44"/>
  <imageset name="base_dead" src="graphics/sprites/equipment/head/candlehelmet.png" width="50" height="44"/>
  <action name="stand" imageset="base">
    <animation direction="down">
      <frame index="0" offsetX="-1" offsetY="-39" delay="75"/>
      <frame index="1" offsetX="-1" offsetY="-39" delay="75"/>
      <frame index="2" offsetX="-1" offsetY="-39" delay="75"/>
      <frame index="3" offsetX="-1" offsetY="-39" delay="75"/>
      <frame index="4" offsetX="-1" offsetY="-39" delay="75"/>
      <frame index="5" offsetX="-1" offsetY="-39" delay="75"/>
    </animation>
    <animation direction="left">
      <frame index="6" offsetX="-2" offsetY="-38" delay="75"/>
      <frame index="7" offsetX="-2" offsetY="-38" delay="75"/>
      <frame index="8" offsetX="-2" offsetY="-38" delay="75"/>
      <frame index="9" offsetX="-2" offsetY="-38" delay="75"/>
      <frame index="10" offsetX="-2" offsetY="-38" delay="75"/>
      <frame index="11" offsetX="-2" offsetY="-38" delay="75"/>
    </animation>
    <animation direction="up">
      <frame index="12" offsetX="-2" offsetY="-38" delay="75"/>
      <frame index="13" offsetX="-2" offsetY="-38" delay="75"/>
      <frame index="14" offsetX="-2" offsetY="-38" delay="75"/>
      <frame index="15" offsetX="-2" offsetY="-38" delay="75"/>
      <frame index="16" offsetX="-2" offsetY="-38" delay="75"/>
      <frame index="17" offsetX="-2" offsetY="-38" delay="75"/>
    </animation>
    <animation direction="right">
      <frame index="18" offsetX="1" offsetY="-40" delay="75"/>
      <frame index="19" offsetX="1" offsetY="-40" delay="75"/>
      <frame index="20" offsetX="1" offsetY="-40" delay="75"/>
      <frame index="21" offsetX="1" offsetY="-40" delay="75"/>
      <frame index="22" offsetX="1" offsetY="-40" delay="75"/>
      <frame index="23" offsetX="1" offsetY="-40" delay="75"/>
    </animation>
  </action>
  <action name="walk" imageset="base">
    <animation direction="down">
      <frame index="0" offsetX="-1" offsetY="-38" delay="75"/>
      <frame index="1" offsetX="-1" offsetY="-39" delay="75"/>
      <frame index="2" offsetX="-1" offsetY="-39" delay="75"/>
      <frame index="3" offsetX="-1" offsetY="-38" delay="75"/>
      <frame index="4" offsetX="-1" offsetY="-39" delay="75"/>
      <frame index="5" offsetX="-1" offsetY="-39" delay="75"/>
    </animation>
    <animation direction="left">
      <frame index="6" offsetX="-2" offsetY="-38" delay="75"/>
      <frame index="7" offsetX="-2" offsetY="-37" delay="75"/>
      <frame index="8" offsetX="-2" offsetY="-38" delay="75"/>
      <frame index="9" offsetX="-2" offsetY="-38" delay="75"/>
      <frame index="10" offsetX="-2" offsetY="-37" delay="75"/>
      <frame index="11" offsetX="-2" offsetY="-38" delay="75"/>
    </animation>
    <animation direction="up">
      <frame index="12" offsetX="-2" offsetY="-38" delay="75"/>
      <frame index="13" offsetX="-2" offsetY="-39" delay="75"/>
      <frame index="14" offsetX="-2" offsetY="-39" delay="75"/>
      <frame index="15" offsetX="-2" offsetY="-38" delay="75"/>
      <frame index="16" offsetX="-2" offsetY="-39" delay="75"/>
      <frame index="17" offsetX="-2" offsetY="-39" delay="75"/>
    </animation>
    <animation direction="right">
      <frame index="18" offsetX="1" offsetY="-40" delay="75"/>
      <frame index="19" offsetX="1" offsetY="-39" delay="75"/>
      <frame index="20" offsetX="1" offsetY="-40" delay="75"/>
      <frame index="21" offsetX="1" offsetY="-40" delay="75"/>
      <frame index="22" offsetX="1" offsetY="-39" delay="75"/>
      <frame index="23" offsetX="1" offsetY="-40" delay="75"/>
    </animation>
  </action>
  <action name="attack" imageset="base">
    <animation direction="down">
      <frame index="0" offsetX="-1" offsetY="-36" delay="75"/>
      <frame index="1" offsetX="-1" offsetY="-38" delay="75"/>
      <frame index="2" offsetX="-1" offsetY="-35" delay="75"/>
      <frame index="3" offsetX="-1" offsetY="-34" delay="75"/>
      <end/>
    </animation>
    <animation direction="left">
      <frame index="6" offsetX="2" offsetY="-39" delay="75"/>
      <frame index="7" offsetX="2" offsetY="-40" delay="75"/>
      <frame index="8" offsetX="-2" offsetY="-37" delay="75"/>
      <frame index="9" offsetX="-3" offsetY="-36" delay="75"/>
      <end/>
    </animation>
    <animation direction="up">
      <frame index="12" offsetX="-3" offsetY="-38" delay="75"/>
      <frame index="13" offsetX="-3" offsetY="-38" delay="75"/>
      <frame index="14" offsetX="-3" offsetY="-38" delay="75"/>
      <frame index="15" offsetX="-3" offsetY="-35" delay="75"/>
      <end/>
    </animation>
    <animation direction="right">
      <frame index="18" offsetX="-2" offsetY="-41" delay="75"/>
      <frame index="19" offsetX="-2" offsetY="-42" delay="75"/>
      <frame index="20" offsetX="1" offsetY="-39" delay="75"/>
      <frame index="21" offsetX="2" offsetY="-38" delay="75"/>
      <end/>
    </animation>
  </action>
  <action name="attack_bow" imageset="base">
    <animation direction="down">
      <frame index="0" offsetX="-1" offsetY="-40" delay="75"/>
      <frame index="1" offsetX="-1" offsetY="-40" delay="75"/>
      <frame index="2" offsetX="-1" offsetY="-40" delay="75"/>
      <frame index="3" offsetX="-1" offsetY="-39" delay="75"/>
      <frame index="4" offsetX="-1" offsetY="-40" delay="75"/>
      <end/>
    </animation>
    <animation direction="left">
      <frame index="6" offsetX="3" offsetY="-41" delay="75"/>
      <frame index="7" offsetX="3" offsetY="-41" delay="75"/>
      <frame index="8" offsetX="3" offsetY="-41" delay="75"/>
      <frame index="9" offsetX="5" offsetY="-42" delay="75"/>
      <frame index="10" offsetX="5" offsetY="-42" delay="75"/>
      <end/>
    </animation>
    <animation direction="up">
      <frame index="12" offsetX="-2" offsetY="-42" delay="75"/>
      <frame index="13" offsetX="-2" offsetY="-42" delay="75"/>
      <frame index="14" offsetX="-3" offsetY="-42" delay="75"/>
      <frame index="15" offsetX="-3" offsetY="-41" delay="75"/>
      <frame index="16" offsetX="-3" offsetY="-42" delay="75"/>
      <end/>
    </animation>
    <animation direction="right">
      <frame index="18" offsetX="-3" offsetY="-41" delay="75"/>
      <frame index="19" offsetX="-3" offsetY="-41" delay="75"/>
      <frame index="20" offsetX="-3" offsetY="-41" delay="75"/>
      <frame index="21" offsetX="-5" offsetY="-42" delay="75"/>
      <frame index="22" offsetX="-5" offsetY="-42" delay="75"/>
      <end/>
    </animation>
  </action>
  <action name="sit" imageset="base">
    <animation direction="down">
      <frame index="0" offsetX="-1" offsetY="-27" delay="75"/>
      <frame index="1" offsetX="-1" offsetY="-27" delay="75"/>
      <frame index="2" offsetX="-1" offsetY="-27" delay="75"/>
      <frame index="3" offsetX="-1" offsetY="-27" delay="75"/>
      <frame index="4" offsetX="-1" offsetY="-27" delay="75"/>
      <frame index="5" offsetX="-1" offsetY="-27" delay="75"/>
    </animation>
    <animation direction="left">
      <frame index="6" offsetX="2" offsetY="-30" delay="75"/>
      <frame index="7" offsetX="2" offsetY="-30" delay="75"/>
      <frame index="8" offsetX="2" offsetY="-30" delay="75"/>
      <frame index="9" offsetX="2" offsetY="-30" delay="75"/>
      <frame index="10" offsetX="2" offsetY="-30" delay="75"/>
      <frame index="11" offsetX="2" offsetY="-30" delay="75"/>
    </animation>
    <animation direction="up">
      <frame index="12" offsetX="-1" offsetY="-30" delay="75"/>
      <frame index="13" offsetX="-1" offsetY="-30" delay="75"/>
      <frame index="14" offsetX="-1" offsetY="-30" delay="75"/>
      <frame index="15" offsetX="-1" offsetY="-30" delay="75"/>
      <frame index="16" offsetX="-1" offsetY="-30" delay="75"/>
      <frame index="17" offsetX="-1" offsetY="-30" delay="75"/>
    </animation>
    <animation direction="right">
      <frame index="18" offsetX="-5" offsetY="-30" delay="75"/>
      <frame index="19" offsetX="-5" offsetY="-30" delay="75"/>
      <frame index="20" offsetX="-5" offsetY="-30" delay="75"/>
      <frame index="21" offsetX="-5" offsetY="-30" delay="75"/>
      <frame index="22" offsetX="-5" offsetY="-30" delay="75"/>
      <frame index="23" offsetX="-5" offsetY="-30" delay="75"/>
    </animation>
  </action>
  <action name="dead" imageset="base_dead">
    <animation direction="default">
      <frame index="12" offsetX="40" offsetY="-7" delay="140"/>
      <frame index="13" offsetX="40" offsetY="-7" delay="140"/>
      <frame index="14" offsetX="40" offsetY="-7" delay="5000"/>
    </animation>
  </action>
  <action name="attack_2hand" imageset="base">
    <animation direction="down">
      <frame index="0" offsetX="-1" offsetY="-37" delay="140"/>
      <frame index="1" offsetX="-1" offsetY="-34" delay="140"/>
      <frame index="2" offsetX="-1" offsetY="-39" delay="140"/>
      <frame index="3" offsetX="-1" offsetY="-34" delay="140"/>
      <end/>
    </animation>
    <animation direction="left">
      <frame index="6" offsetX="-2" offsetY="-37" delay="140"/>
      <frame index="7" offsetX="1" offsetY="-40" delay="140"/>
      <frame index="8" offsetX="3" offsetY="-40" delay="140"/>
      <frame index="9" offsetX="-4" offsetY="-36" delay="140"/>
      <end/>
    </animation>
    <animation direction="up">
      <frame index="12" offsetX="-3" offsetY="-38" delay="140"/>
      <frame index="13" offsetX="-3" offsetY="-38" delay="140"/>
      <frame index="14" offsetX="-3" offsetY="-36" delay="140"/>
      <frame index="15" offsetX="-2" offsetY="-38" delay="140"/>
      <end/>
    </animation>
    <animation direction="right">
      <frame index="18" offsetX="3" offsetY="-39" delay="140"/>
      <frame index="19" offsetX="0" offsetY="-42" delay="140"/>
      <frame index="20" offsetX="-2" offsetY="-42" delay="140"/>
      <frame index="21" offsetX="3" offsetY="-38" delay="140"/>
      <end/>
    </animation>
  </action>
  <action name="attack_sword_stab" imageset="base">
    <animation direction="down">
      <frame index="0" offsetX="-1" offsetY="-36" delay="100"/>
      <frame index="1" offsetX="-1" offsetY="-38" delay="100"/>
      <frame index="2" offsetX="-1" offsetY="-35" delay="100"/>
      <frame index="3" offsetX="-1" offsetY="-34" delay="100"/>
      <end/>
    </animation>
    <animation direction="left">
      <frame index="6" offsetX="2" offsetY="-39" delay="100"/>
      <frame index="7" offsetX="2" offsetY="-40" delay="100"/>
      <frame index="8" offsetX="-2" offsetY="-37" delay="100"/>
      <frame index="9" offsetX="-3" offsetY="-36" delay="100"/>
      <end/>
    </animation>
    <animation direction="up">
      <frame index="12" offsetX="-3" offsetY="-38" delay="100"/>
      <frame index="13" offsetX="-3" offsetY="-38" delay="100"/>
      <frame index="14" offsetX="-3" offsetY="-38" delay="100"/>
      <frame index="15" offsetX="-3" offsetY="-35" delay="100"/>
      <end/>
    </animation>
    <animation direction="right">
      <frame index="18" offsetX="-2" offsetY="-41" delay="100"/>
      <frame index="19" offsetX="-2" offsetY="-42" delay="100"/>
      <frame index="20" offsetX="1" offsetY="-39" delay="100"/>
      <frame index="21" offsetX="2" offsetY="-38" delay="100"/>
      <end/>
    </animation>
  </action>
  <action name="attack_spear" imageset="base">
    <animation direction="down">
      <frame index="0" offsetX="-2" offsetY="-39" delay="140"/>
      <frame index="1" offsetX="-2" offsetY="-40" delay="140"/>
      <frame index="2" offsetX="-2" offsetY="-41" delay="140"/>
      <frame index="3" offsetX="-2" offsetY="-34" delay="140"/>
      <end/>
    </animation>
    <animation direction="left">
      <frame index="6" offsetX="3" offsetY="-39" delay="140"/>
      <frame index="7" offsetX="4" offsetY="-40" delay="140"/>
      <frame index="8" offsetX="-1" offsetY="-41" delay="140"/>
      <frame index="9" offsetX="-3" offsetY="-36" delay="140"/>
      <end/>
    </animation>
    <animation direction="up">
      <frame index="12" offsetX="-3" offsetY="-38" delay="140"/>
      <frame index="13" offsetX="-3" offsetY="-38" delay="140"/>
      <frame index="14" offsetX="-3" offsetY="-38" delay="140"/>
      <frame index="15" offsetX="-4" offsetY="-40" delay="140"/>
      <end/>
    </animation>
    <animation direction="right">
      <frame index="18" offsetX="-2" offsetY="-41" delay="140"/>
      <frame index="19" offsetX="-3" offsetY="-42" delay="140"/>
      <frame index="20" offsetX="2" offsetY="-43" delay="140"/>
      <frame index="21" offsetX="4" offsetY="-38" delay="140"/>
      <end/>
    </animation>
  </action>
  <action name="attack_chop" imageset="base">
    <animation direction="down">
      <frame index="0" offsetX="-1" offsetY="-36" delay="140"/>
      <frame index="1" offsetX="-2" offsetY="-38" delay="140"/>
      <frame index="2" offsetX="-1" offsetY="-40" delay="140"/>
      <frame index="3" offsetX="-1" offsetY="-35" delay="140"/>
      <end/>
    </animation>
    <animation direction="left">
      <frame index="6" offsetX="2" offsetY="-41" delay="140"/>
      <frame index="7" offsetX="2" offsetY="-40" delay="140"/>
      <frame index="8" offsetX="2" offsetY="-41" delay="140"/>
      <frame index="9" offsetX="-3" offsetY="-37" delay="140"/>
      <end/>
    </animation>
    <animation direction="up">
      <frame index="12" offsetX="-3" offsetY="-38" delay="140"/>
      <frame index="13" offsetX="-3" offsetY="-38" delay="140"/>
      <frame index="14" offsetX="-3" offsetY="-36" delay="140"/>
      <frame index="15" offsetX="-3" offsetY="-35" delay="140"/>
      <end/>
    </animation>
    <animation direction="right">
      <frame index="18" offsetX="-1" offsetY="-43" delay="140"/>
      <frame index="19" offsetX="-1" offsetY="-42" delay="140"/>
      <frame index="20" offsetX="0" offsetY="-43" delay="140"/>
      <frame index="21" offsetX="4" offsetY="-39" delay="140"/>
      <end/>
    </animation>
  </action>
</sprite>
