<?xml version="1.0"?>
<sprite>
  <imageset name="base" src="graphics/sprites/equipment/head/cap.png|R" width="28" height="19"/>
  <action name="stand" imageset="base">
    <animation direction="down">
      <frame index="0" offsetX="0" offsetY="-45"/>
    </animation>
    <animation direction="left">
      <frame index="1" offsetX="-2" offsetY="-45"/>
    </animation>
    <animation direction="up">
      <frame index="2" offsetX="-2" offsetY="-45"/>
    </animation>
    <animation direction="right">
      <frame index="3" offsetX="2" offsetY="-45"/>
    </animation>
  </action>
  <action name="walk" imageset="base">
    <animation direction="down">
      <frame index="0" offsetX="0" offsetY="-44" delay="75"/>
      <frame index="0" offsetX="0" offsetY="-45" delay="150"/>
      <frame index="0" offsetX="0" offsetY="-44" delay="75"/>
      <frame index="0" offsetX="0" offsetY="-45" delay="150"/>
    </animation>
    <animation direction="left">
      <frame index="1" offsetX="-2" offsetY="-45" delay="75"/>
      <frame index="1" offsetX="-2" offsetY="-44" delay="75"/>
      <frame index="1" offsetX="-2" offsetY="-45" delay="150"/>
      <frame index="1" offsetX="-2" offsetY="-44" delay="75"/>
      <frame index="1" offsetX="-2" offsetY="-45" delay="75"/>
    </animation>
    <animation direction="up">
      <frame index="2" offsetX="-2" offsetY="-45" delay="75"/>
      <frame index="2" offsetX="-2" offsetY="-46" delay="150"/>
      <frame index="2" offsetX="-2" offsetY="-45" delay="75"/>
      <frame index="2" offsetX="-2" offsetY="-46" delay="150"/>
    </animation>
    <animation direction="right">
      <frame index="3" offsetX="2" offsetY="-45" delay="75"/>
      <frame index="3" offsetX="2" offsetY="-44" delay="75"/>
      <frame index="3" offsetX="2" offsetY="-45" delay="150"/>
      <frame index="3" offsetX="2" offsetY="-44" delay="75"/>
      <frame index="3" offsetX="2" offsetY="-45" delay="75"/>
    </animation>
  </action>
  <action name="attack" imageset="base">
    <animation direction="down">
      <frame index="0" offsetX="0" offsetY="-43" delay="75"/>
      <frame index="0" offsetX="0" offsetY="-44" delay="75"/>
      <frame index="0" offsetX="0" offsetY="-41" delay="75"/>
      <frame index="0" offsetX="0" offsetY="-40" delay="75"/>
      <end/>
    </animation>
    <animation direction="left">
      <frame index="1" offsetX="2" offsetY="-46" delay="75"/>
      <frame index="1" offsetX="2" offsetY="-47" delay="75"/>
      <frame index="1" offsetX="-1" offsetY="-44" delay="75"/>
      <frame index="1" offsetX="-3" offsetY="-43" delay="75"/>
      <end/>
    </animation>
    <animation direction="up">
      <frame index="2" offsetX="-3" offsetY="-45" delay="225"/>
      <frame index="2" offsetX="-3" offsetY="-43" delay="75"/>
      <end/>
    </animation>
    <animation direction="right">
      <frame index="3" offsetX="-1" offsetY="-46" delay="75"/>
      <frame index="3" offsetX="-1" offsetY="-47" delay="75"/>
      <frame index="3" offsetX="2" offsetY="-44" delay="75"/>
      <frame index="3" offsetX="3" offsetY="-43" delay="75"/>
      <end/>
    </animation>
  </action>
  <action name="attack_bow" imageset="base">
    <animation direction="down">
      <frame index="0" offsetX="0" offsetY="-44" delay="225"/>
      <frame index="0" offsetX="0" offsetY="-43" delay="75"/>
      <frame index="0" offsetX="0" offsetY="-44" delay="75"/>
      <end/>
    </animation>
    <animation direction="left">
      <frame index="1" offsetX="1" offsetY="-45" delay="225"/>
      <frame index="1" offsetX="3" offsetY="-46" delay="150"/>
      <end/>
    </animation>
    <animation direction="up">
      <frame index="2" offsetX="-2" offsetY="-45" delay="225"/>
      <frame index="2" offsetX="-3" offsetY="-44" delay="75"/>
      <frame index="2" offsetX="-3" offsetY="-45" delay="75"/>
      <end/>
    </animation>
    <animation direction="right">
      <frame index="3" offsetX="-1" offsetY="-45" delay="225"/>
      <frame index="3" offsetX="-3" offsetY="-46" delay="150"/>
      <end/>
    </animation>
  </action>
  <action name="sit" imageset="base">
    <animation direction="down">
      <frame index="0" offsetX="0" offsetY="-33"/>
    </animation>
    <animation direction="left">
      <frame index="1" offsetX="2" offsetY="-36"/>
    </animation>
    <animation direction="up">
      <frame index="2" offsetX="-1" offsetY="-37"/>
    </animation>
    <animation direction="right">
      <frame index="3" offsetX="-4" offsetY="-36"/>
    </animation>
  </action>
  <action name="dead" imageset="base">
    <animation direction="default">
      <frame index="4" offsetX="27" offsetY="-16"/>
    </animation>
  </action>
  <action name="attack_2hand" imageset="base">
    <animation direction="down">
      <frame index="0" offsetX="0" offsetY="-44" delay="140"/>
      <frame index="0" offsetX="0" offsetY="-40" delay="140"/>
      <frame index="0" offsetX="0" offsetY="-45" delay="140"/>
      <frame index="0" offsetX="0" offsetY="-40" delay="140"/>
      <end/>
    </animation>
    <animation direction="left">
      <frame index="1" offsetX="-2" offsetY="-44" delay="140"/>
      <frame index="1" offsetX="1" offsetY="-47" delay="140"/>
      <frame index="1" offsetX="4" offsetY="-47" delay="140"/>
      <frame index="1" offsetX="-4" offsetY="-43" delay="140"/>
      <end/>
    </animation>
    <animation direction="up">
      <frame index="2" offsetX="-3" offsetY="-45" delay="280"/>
      <frame index="2" offsetX="-3" offsetY="-43" delay="140"/>
      <frame index="2" offsetX="-2" offsetY="-46" delay="140"/>
      <end/>
    </animation>
    <animation direction="right">
      <frame index="3" offsetX="4" offsetY="-44" delay="140"/>
      <frame index="3" offsetX="1" offsetY="-47" delay="140"/>
      <frame index="3" offsetX="-1" offsetY="-47" delay="140"/>
      <frame index="3" offsetX="4" offsetY="-43" delay="140"/>
      <end/>
    </animation>
  </action>
  <action name="attack_sword_stab" imageset="base">
    <animation direction="down">
      <frame index="0" offsetX="0" offsetY="-43" delay="100"/>
      <frame index="0" offsetX="0" offsetY="-44" delay="100"/>
      <frame index="0" offsetX="0" offsetY="-41" delay="100"/>
      <frame index="0" offsetX="0" offsetY="-40" delay="100"/>
      <end/>
    </animation>
    <animation direction="left">
      <frame index="1" offsetX="2" offsetY="-46" delay="100"/>
      <frame index="1" offsetX="2" offsetY="-47" delay="100"/>
      <frame index="1" offsetX="-1" offsetY="-44" delay="100"/>
      <frame index="1" offsetX="-3" offsetY="-43" delay="100"/>
      <end/>
    </animation>
    <animation direction="up">
      <frame index="2" offsetX="-3" offsetY="-45" delay="300"/>
      <frame index="2" offsetX="-3" offsetY="-43" delay="100"/>
      <end/>
    </animation>
    <animation direction="right">
      <frame index="3" offsetX="-1" offsetY="-46" delay="100"/>
      <frame index="3" offsetX="-1" offsetY="-47" delay="100"/>
      <frame index="3" offsetX="2" offsetY="-44" delay="100"/>
      <frame index="3" offsetX="3" offsetY="-43" delay="100"/>
      <end/>
    </animation>
  </action>
  <action name="attack_spear" imageset="base">
    <animation direction="down">
      <frame index="0" offsetX="-1" offsetY="-46" delay="280"/>
      <frame index="0" offsetX="-1" offsetY="-47" delay="140"/>
      <frame index="0" offsetX="-1" offsetY="-40" delay="140"/>
      <end/>
    </animation>
    <animation direction="left">
      <frame index="1" offsetX="3" offsetY="-46" delay="140"/>
      <frame index="1" offsetX="4" offsetY="-47" delay="140"/>
      <frame index="1" offsetX="0" offsetY="-48" delay="140"/>
      <frame index="1" offsetX="-3" offsetY="-43" delay="140"/>
      <end/>
    </animation>
    <animation direction="up">
      <frame index="2" offsetX="-3" offsetY="-45" delay="420"/>
      <frame index="2" offsetX="-4" offsetY="-48" delay="140"/>
      <end/>
    </animation>
    <animation direction="right">
      <frame index="3" offsetX="-1" offsetY="-46" delay="140"/>
      <frame index="3" offsetX="-2" offsetY="-47" delay="140"/>
      <frame index="3" offsetX="3" offsetY="-48" delay="140"/>
      <frame index="3" offsetX="5" offsetY="-43" delay="140"/>
      <end/>
    </animation>
  </action>
  <action name="attack_chop" imageset="base">
    <animation direction="down">
      <frame index="0" offsetX="0" offsetY="-43" delay="140"/>
      <frame index="0" offsetX="-1" offsetY="-44" delay="140"/>
      <frame index="0" offsetX="0" offsetY="-46" delay="140"/>
      <frame index="0" offsetX="0" offsetY="-41" delay="140"/>
      <end/>
    </animation>
    <animation direction="left">
      <frame index="1" offsetX="2" offsetY="-48" delay="140"/>
      <frame index="1" offsetX="2" offsetY="-47" delay="140"/>
      <frame index="1" offsetX="3" offsetY="-48" delay="140"/>
      <frame index="1" offsetX="-3" offsetY="-44" delay="140"/>
      <end/>
    </animation>
    <animation direction="up">
      <frame index="2" offsetX="-3" offsetY="-45" delay="280"/>
      <frame index="2" offsetX="-3" offsetY="-43" delay="280"/>
      <end/>
    </animation>
    <animation direction="right">
      <frame index="3" offsetX="0" offsetY="-48" delay="140"/>
      <frame index="3" offsetX="0" offsetY="-47" delay="140"/>
      <frame index="3" offsetX="1" offsetY="-48" delay="140"/>
      <frame index="3" offsetX="5" offsetY="-44" delay="140"/>
      <end/>
    </animation>
  </action>
</sprite>
