<?xml version="1.0"?>
<sprite>
  <imageset name="base" src="graphics/sprites/equipment/head/dark-helm.png" width="27" height="26"/>
  <action name="stand" imageset="base">
    <animation direction="down">
      <frame index="0" offsetX="-1" offsetY="-34"/>
    </animation>
    <animation direction="left">
      <frame index="1" offsetX="-2" offsetY="-32"/>
    </animation>
    <animation direction="up">
      <frame index="2" offsetX="-2" offsetY="-34"/>
    </animation>
    <animation direction="right">
      <frame index="3" offsetX="2" offsetY="-32"/>
    </animation>
  </action>
  <action name="walk" imageset="base">
    <animation direction="down">
      <frame index="0" offsetX="-1" offsetY="-34" delay="75"/>
      <frame index="0" offsetX="-1" offsetY="-35" delay="150"/>
      <frame index="0" offsetX="-1" offsetY="-34" delay="75"/>
      <frame index="0" offsetX="-1" offsetY="-35" delay="150"/>
    </animation>
    <animation direction="left">
      <frame index="1" offsetX="-2" offsetY="-32" delay="75"/>
      <frame index="1" offsetX="-2" offsetY="-31" delay="75"/>
      <frame index="1" offsetX="-2" offsetY="-32" delay="150"/>
      <frame index="1" offsetX="-2" offsetY="-31" delay="75"/>
      <frame index="1" offsetX="-2" offsetY="-32" delay="75"/>
    </animation>
    <animation direction="up">
      <frame index="2" offsetX="-2" offsetY="-34" delay="75"/>
      <frame index="2" offsetX="-2" offsetY="-35" delay="150"/>
      <frame index="2" offsetX="-2" offsetY="-34" delay="75"/>
      <frame index="2" offsetX="-2" offsetY="-35" delay="150"/>
    </animation>
    <animation direction="right">
      <frame index="3" offsetX="2" offsetY="-32" delay="75"/>
      <frame index="3" offsetX="2" offsetY="-31" delay="75"/>
      <frame index="3" offsetX="2" offsetY="-32" delay="150"/>
      <frame index="3" offsetX="2" offsetY="-31" delay="75"/>
      <frame index="3" offsetX="2" offsetY="-32" delay="75"/>
    </animation>
  </action>
  <action name="attack" imageset="base">
    <animation direction="down">
      <frame index="0" offsetX="-1" offsetY="-30" delay="75"/>
      <frame index="0" offsetX="-1" offsetY="-31" delay="150"/>
      <frame index="0" offsetX="-1" offsetY="-30" delay="75"/>
      <end/>
    </animation>
    <animation direction="left">
      <frame index="1" offsetX="3" offsetY="-33" delay="75"/>
      <frame index="1" offsetX="3" offsetY="-34" delay="75"/>
      <frame index="1" offsetX="-1" offsetY="-31" delay="75"/>
      <frame index="1" offsetX="-2" offsetY="-30" delay="75"/>
      <end/>
    </animation>
    <animation direction="up">
      <frame index="2" offsetX="-3" offsetY="-32" delay="225"/>
      <frame index="2" offsetX="-3" offsetY="-39" delay="75"/>
      <end/>
    </animation>
    <animation direction="right">
      <frame index="3" offsetX="-2" offsetY="-33" delay="75"/>
      <frame index="3" offsetX="-2" offsetY="-34" delay="75"/>
      <frame index="3" offsetX="1" offsetY="-31" delay="75"/>
      <frame index="3" offsetX="2" offsetY="-30" delay="75"/>
      <end/>
    </animation>
  </action>
  <action name="attack_bow" imageset="base">
    <animation direction="down">
      <frame index="0" offsetX="-1" offsetY="-34" delay="225"/>
      <frame index="0" offsetX="-1" offsetY="-33" delay="75"/>
      <frame index="0" offsetX="-1" offsetY="-34" delay="75"/>
      <end/>
    </animation>
    <animation direction="left">
      <frame index="1" offsetX="4" offsetY="-32" delay="225"/>
      <frame index="1" offsetX="6" offsetY="-33" delay="150"/>
      <end/>
    </animation>
    <animation direction="up">
      <frame index="2" offsetX="-2" offsetY="-34" delay="225"/>
      <frame index="2" offsetX="-3" offsetY="-33" delay="75"/>
      <frame index="2" offsetX="-3" offsetY="-34" delay="75"/>
      <end/>
    </animation>
    <animation direction="right">
      <frame index="3" offsetX="-1" offsetY="-32" delay="225"/>
      <frame index="3" offsetX="-3" offsetY="-33" delay="150"/>
      <end/>
    </animation>
  </action>
  <action name="sit" imageset="base">
    <animation direction="down">
      <frame index="0" offsetX="-1" offsetY="-20"/>
    </animation>
    <animation direction="left">
      <frame index="1" offsetX="5" offsetY="-23"/>
    </animation>
    <animation direction="up">
      <frame index="2" offsetX="-1" offsetY="-24"/>
    </animation>
    <animation direction="right">
      <frame index="3" offsetX="-4" offsetY="-23"/>
    </animation>
  </action>
  <action name="dead" imageset="base">
    <animation direction="default">
      <frame index="4" offsetX="31" offsetY="-8"/>
    </animation>
  </action>
  <action name="attack_2hand" imageset="base">
    <animation direction="down">
      <frame index="0" offsetX="-1" offsetY="-31" delay="140"/>
      <frame index="0" offsetX="-1" offsetY="-27" delay="140"/>
      <frame index="0" offsetX="-1" offsetY="-35" delay="140"/>
      <frame index="0" offsetX="-1" offsetY="-30" delay="140"/>
      <end/>
    </animation>
    <animation direction="left">
      <frame index="1" offsetX="-1" offsetY="-31" delay="140"/>
      <frame index="1" offsetX="2" offsetY="-34" delay="140"/>
      <frame index="1" offsetX="4" offsetY="-34" delay="140"/>
      <frame index="1" offsetX="-3" offsetY="-30" delay="140"/>
      <end/>
    </animation>
    <animation direction="up">
      <frame index="2" offsetX="-3" offsetY="-32" delay="280"/>
      <frame index="2" offsetX="-3" offsetY="-30" delay="140"/>
      <frame index="2" offsetX="-2" offsetY="-42" delay="140"/>
      <end/>
    </animation>
    <animation direction="right">
      <frame index="3" offsetX="3" offsetY="-31" delay="140"/>
      <frame index="3" offsetX="0" offsetY="-34" delay="140"/>
      <frame index="3" offsetX="-2" offsetY="-34" delay="140"/>
      <frame index="3" offsetX="3" offsetY="-30" delay="140"/>
      <end/>
    </animation>
  </action>
  <action name="attack_sword_stab" imageset="base">
    <animation direction="down">
      <frame index="0" offsetX="-1" offsetY="-30" delay="100"/>
      <frame index="0" offsetX="-1" offsetY="-31" delay="200"/>
      <frame index="0" offsetX="-1" offsetY="-30" delay="100"/>
      <end/>
    </animation>
    <animation direction="left">
      <frame index="1" offsetX="3" offsetY="-33" delay="100"/>
      <frame index="1" offsetX="3" offsetY="-34" delay="100"/>
      <frame index="1" offsetX="-1" offsetY="-31" delay="100"/>
      <frame index="1" offsetX="-2" offsetY="-30" delay="100"/>
      <end/>
    </animation>
    <animation direction="up">
      <frame index="2" offsetX="-3" offsetY="-32" delay="300"/>
      <frame index="2" offsetX="-3" offsetY="-39" delay="100"/>
      <end/>
    </animation>
    <animation direction="right">
      <frame index="3" offsetX="-2" offsetY="-33" delay="100"/>
      <frame index="3" offsetX="-2" offsetY="-34" delay="100"/>
      <frame index="3" offsetX="1" offsetY="-31" delay="100"/>
      <frame index="3" offsetX="2" offsetY="-30" delay="100"/>
      <end/>
    </animation>
  </action>
  <action name="attack_spear" imageset="base">
    <animation direction="down">
      <frame index="0" offsetX="-2" offsetY="-33" delay="280"/>
      <frame index="0" offsetX="-2" offsetY="-37" delay="140"/>
      <frame index="0" offsetX="-2" offsetY="-30" delay="140"/>
      <end/>
    </animation>
    <animation direction="left">
      <frame index="1" offsetX="4" offsetY="-33" delay="140"/>
      <frame index="1" offsetX="5" offsetY="-34" delay="140"/>
      <frame index="1" offsetX="0" offsetY="-35" delay="140"/>
      <frame index="1" offsetX="-2" offsetY="-30" delay="140"/>
      <end/>
    </animation>
    <animation direction="up">
      <frame index="2" offsetX="-3" offsetY="-32" delay="420"/>
      <frame index="2" offsetX="-4" offsetY="-44" delay="140"/>
      <end/>
    </animation>
    <animation direction="right">
      <frame index="3" offsetX="-2" offsetY="-33" delay="140"/>
      <frame index="3" offsetX="-3" offsetY="-34" delay="140"/>
      <frame index="3" offsetX="2" offsetY="-35" delay="140"/>
      <frame index="3" offsetX="4" offsetY="-30" delay="140"/>
      <end/>
    </animation>
  </action>
  <action name="attack_chop" imageset="base">
    <animation direction="down">
      <frame index="0" offsetX="-1" offsetY="-30" delay="140"/>
      <frame index="0" offsetX="-2" offsetY="-31" delay="140"/>
      <frame index="0" offsetX="-1" offsetY="-36" delay="140"/>
      <frame index="0" offsetX="-1" offsetY="-31" delay="140"/>
      <end/>
    </animation>
    <animation direction="left">
      <frame index="1" offsetX="3" offsetY="-35" delay="140"/>
      <frame index="1" offsetX="3" offsetY="-34" delay="140"/>
      <frame index="1" offsetX="3" offsetY="-35" delay="140"/>
      <frame index="1" offsetX="-2" offsetY="-31" delay="140"/>
      <end/>
    </animation>
    <animation direction="up">
      <frame index="2" offsetX="-3" offsetY="-32" delay="280"/>
      <frame index="2" offsetX="-3" offsetY="-30" delay="140"/>
      <frame index="2" offsetX="-3" offsetY="-39" delay="140"/>
      <end/>
    </animation>
    <animation direction="right">
      <frame index="3" offsetX="-1" offsetY="-35" delay="140"/>
      <frame index="3" offsetX="-1" offsetY="-34" delay="140"/>
      <frame index="3" offsetX="0" offsetY="-35" delay="140"/>
      <frame index="3" offsetX="4" offsetY="-31" delay="140"/>
      <end/>
    </animation>
  </action>
</sprite>
