<?xml version="1.0"?>
<sprite>
  <imageset height="17" name="base" src="graphics/sprites/equipment/head/eskimohat.png" width="33"/>
  <action imageset="base" name="stand">
    <animation direction="down">
      <frame index="0" offsetX="4" offsetY="-42"/>
    </animation>
    <animation direction="left">
      <frame index="1" offsetX="7" offsetY="-42"/>
    </animation>
    <animation direction="up">
      <frame index="2" offsetX="3" offsetY="-42"/>
    </animation>
    <animation direction="right">
      <frame index="3" offsetX="8" offsetY="-42"/>
    </animation>
  </action>
  <action imageset="base" name="walk">
    <animation direction="down">
      <frame delay="75" index="0" offsetX="4" offsetY="-41"/>
      <frame delay="150" index="0" offsetX="4" offsetY="-42"/>
      <frame delay="75" index="0" offsetX="4" offsetY="-41"/>
      <frame delay="150" index="0" offsetX="4" offsetY="-42"/>
    </animation>
    <animation direction="left">
      <frame delay="75" index="1" offsetX="8" offsetY="-42"/>
      <frame delay="75" index="1" offsetX="8" offsetY="-41"/>
      <frame delay="150" index="1" offsetX="8" offsetY="-42"/>
      <frame delay="75" index="1" offsetX="8" offsetY="-41"/>
      <frame delay="75" index="1" offsetX="8" offsetY="-42"/>
    </animation>
    <animation direction="up">
      <frame delay="75" index="2" offsetX="3" offsetY="-42"/>
      <frame delay="150" index="2" offsetX="3" offsetY="-43"/>
      <frame delay="75" index="2" offsetX="3" offsetY="-42"/>
      <frame delay="150" index="2" offsetX="3" offsetY="-43"/>
    </animation>
    <animation direction="right">
      <frame delay="75" index="3" offsetX="9" offsetY="-42"/>
      <frame delay="75" index="3" offsetX="9" offsetY="-41"/>
      <frame delay="150" index="3" offsetX="9" offsetY="-42"/>
      <frame delay="75" index="3" offsetX="9" offsetY="-41"/>
      <frame delay="75" index="3" offsetX="9" offsetY="-42"/>
    </animation>
  </action>
  <action imageset="base" name="attack">
    <animation direction="down">
      <frame delay="75" index="0" offsetX="4" offsetY="-40"/>
      <frame delay="75" index="0" offsetX="4" offsetY="-41"/>
      <frame delay="75" index="0" offsetX="4" offsetY="-38"/>
      <frame delay="75" index="0" offsetX="4" offsetY="-37"/>
      <end/>
    </animation>
    <animation direction="left">
      <frame delay="75" index="1" offsetX="12" offsetY="-43"/>
      <frame delay="75" index="1" offsetX="12" offsetY="-44"/>
      <frame delay="75" index="1" offsetX="8" offsetY="-41"/>
      <frame delay="75" index="1" offsetX="7" offsetY="-40"/>
      <end/>
    </animation>
    <animation direction="up">
      <frame delay="225" index="2" offsetX="2" offsetY="-42"/>
      <frame delay="75" index="2" offsetX="2" offsetY="-39"/>
      <end/>
    </animation>
    <animation direction="right">
      <frame delay="75" index="3" offsetX="6" offsetY="-43"/>
      <frame delay="75" index="3" offsetX="6" offsetY="-44"/>
      <frame delay="75" index="3" offsetX="9" offsetY="-41"/>
      <frame delay="75" index="3" offsetX="10" offsetY="-40"/>
      <end/>
    </animation>
  </action>
  <action imageset="base" name="attack_bow">
    <animation direction="down">
      <frame delay="225" index="0" offsetX="4" offsetY="-41"/>
      <frame delay="75" index="0" offsetX="4" offsetY="-40"/>
      <frame delay="75" index="0" offsetX="4" offsetY="-41"/>
      <end/>
    </animation>
    <animation direction="left">
      <frame delay="225" index="1" offsetX="11" offsetY="-42"/>
      <frame delay="150" index="1" offsetX="13" offsetY="-43"/>
      <end/>
    </animation>
    <animation direction="up">
      <frame delay="225" index="2" offsetX="3" offsetY="-42"/>
      <frame delay="75" index="2" offsetX="2" offsetY="-41"/>
      <frame delay="75" index="2" offsetX="2" offsetY="-42"/>
      <end/>
    </animation>
    <animation direction="right">
      <frame delay="225" index="3" offsetX="6" offsetY="-42"/>
      <frame delay="150" index="3" offsetX="4" offsetY="-43"/>
      <end/>
    </animation>
  </action>
  <action imageset="base" name="sit">
    <animation direction="down">
      <frame index="0" offsetX="4" offsetY="-30"/>
    </animation>
    <animation direction="left">
      <frame index="1" offsetX="12" offsetY="-33"/>
    </animation>
    <animation direction="up">
      <frame index="2" offsetX="4" offsetY="-34"/>
    </animation>
    <animation direction="right">
      <frame index="3" offsetX="3" offsetY="-33"/>
    </animation>
  </action>
  <action imageset="base" name="dead">
    <animation direction="default">
      <frame index="4" offsetX="35" offsetY="-7"/>
    </animation>
  </action>
  <action name="attack_2hand" imageset="base">
    <animation direction="down">
      <frame index="0" offsetX="3" offsetY="-39" delay="140"/>
      <frame index="0" offsetX="3" offsetY="-36" delay="140"/>
      <frame index="0" offsetX="3" offsetY="-41" delay="140"/>
      <frame index="0" offsetX="3" offsetY="-35" delay="140"/>
      <end/>
    </animation>
    <animation direction="left">
      <frame index="1" offsetX="7" offsetY="-39" delay="140"/>
      <frame index="1" offsetX="10" offsetY="-42" delay="140"/>
      <frame index="1" offsetX="12" offsetY="-42" delay="140"/>
      <frame index="1" offsetX="5" offsetY="-38" delay="140"/>
      <end/>
    </animation>
    <animation direction="up">
      <frame index="2" offsetX="1" offsetY="-41" delay="280"/>
      <frame index="2" offsetX="1" offsetY="-39" delay="140"/>
      <frame index="2" offsetX="2" offsetY="-41" delay="140"/>
      <end/>
    </animation>
    <animation direction="right">
      <frame index="3" offsetX="11" offsetY="-39" delay="140"/>
      <frame index="3" offsetX="8" offsetY="-42" delay="140"/>
      <frame index="3" offsetX="6" offsetY="-42" delay="140"/>
      <frame index="3" offsetX="12" offsetY="-38" delay="140"/>
      <end/>
    </animation>
  </action>
  <action name="attack_sword_stab" imageset="base">
    <animation direction="down">
      <frame index="0" offsetX="4" offsetY="-40" delay="100"/>
      <frame index="0" offsetX="4" offsetY="-41" delay="100"/>
      <frame index="0" offsetX="4" offsetY="-38" delay="100"/>
      <frame index="0" offsetX="4" offsetY="-37" delay="100"/>
      <end/>
    </animation>
    <animation direction="left">
      <frame index="1" offsetX="12" offsetY="-43" delay="100"/>
      <frame index="1" offsetX="12" offsetY="-44" delay="100"/>
      <frame index="1" offsetX="8" offsetY="-41" delay="100"/>
      <frame index="1" offsetX="7" offsetY="-40" delay="100"/>
      <end/>
    </animation>
    <animation direction="up">
      <frame index="2" offsetX="2" offsetY="-42" delay="300"/>
      <frame index="2" offsetX="2" offsetY="-39" delay="100"/>
      <end/>
    </animation>
    <animation direction="right">
      <frame index="3" offsetX="6" offsetY="-43" delay="100"/>
      <frame index="3" offsetX="6" offsetY="-44" delay="100"/>
      <frame index="3" offsetX="9" offsetY="-41" delay="100"/>
      <frame index="3" offsetX="10" offsetY="-40" delay="100"/>
      <end/>
    </animation>
  </action>
  <action name="attack_spear" imageset="base">
    <animation direction="down">
      <frame index="0" offsetX="2" offsetY="-42" delay="280"/>
      <frame index="0" offsetX="2" offsetY="-43" delay="140"/>
      <frame index="0" offsetX="2" offsetY="-37" delay="140"/>
      <end/>
    </animation>
    <animation direction="left">
      <frame index="1" offsetX="12" offsetY="-43" delay="140"/>
      <frame index="1" offsetX="15" offsetY="-41" delay="140"/>
      <frame index="1" offsetX="8" offsetY="-43" delay="140"/>
      <frame index="1" offsetX="8" offsetY="-40" delay="140"/>
      <end/>
    </animation>
    <animation direction="up">
      <frame index="2" offsetX="0" offsetY="-42" delay="140"/>
      <frame index="2" offsetX="1" offsetY="-42" delay="140"/>
      <frame index="2" offsetX="1" offsetY="-41" delay="140"/>
      <frame index="2" offsetX="0" offsetY="-45" delay="140"/>
      <end/>
    </animation>
    <animation direction="right">
      <frame index="3" offsetX="6" offsetY="-43" delay="140"/>
      <frame index="3" offsetX="4" offsetY="-41" delay="140"/>
      <frame index="3" offsetX="10" offsetY="-43" delay="140"/>
      <frame index="3" offsetX="11" offsetY="-40" delay="140"/>
      <end/>
    </animation>
  </action>
  <action name="attack_chop" imageset="base">
    <animation direction="down">
      <frame index="0" offsetX="3" offsetY="-39" delay="280"/>
      <frame index="0" offsetX="3" offsetY="-41" delay="140"/>
      <frame index="0" offsetX="3" offsetY="-35" delay="140"/>
      <end/>
    </animation>
    <animation direction="left">
      <frame index="1" offsetX="11" offsetY="-43" delay="140"/>
      <frame index="1" offsetX="11" offsetY="-44" delay="280"/>
      <frame index="1" offsetX="6" offsetY="-40" delay="140"/>
      <end/>
    </animation>
    <animation direction="up">
      <frame index="2" offsetX="1" offsetY="-41" delay="140"/>
      <frame index="2" offsetX="1" offsetY="-40" delay="280"/>
      <frame index="2" offsetX="1" offsetY="-38" delay="140"/>
      <end/>
    </animation>
    <animation direction="right">
      <frame index="3" offsetX="6" offsetY="-43" delay="140"/>
      <frame index="3" offsetX="7" offsetY="-44" delay="280"/>
      <frame index="3" offsetX="12" offsetY="-40" delay="140"/>
      <end/>
    </animation>
  </action>
</sprite>
