<?xml version="1.0"?>
<sprite>
  <imageset height="20" name="base" src="graphics/sprites/equipment/head/funkywinter.png|S" width="21"/>
  <action imageset="base" name="stand">
    <animation direction="down">
      <frame index="0" offsetX="0" offsetY="-42"/>
    </animation>
    <animation direction="left">
      <frame index="1" offsetX="1" offsetY="-40"/>
    </animation>
    <animation direction="up">
      <frame index="2" offsetX="0" offsetY="-41"/>
    </animation>
    <animation direction="right">
      <frame index="3" offsetX="-1" offsetY="-40"/>
    </animation>
  </action>
  <action imageset="base" name="walk">
    <animation direction="down">
      <frame delay="75" index="0" offsetX="0" offsetY="-41"/>
      <frame delay="150" index="0" offsetX="0" offsetY="-42"/>
      <frame delay="75" index="0" offsetX="0" offsetY="-41"/>
      <frame delay="150" index="0" offsetX="0" offsetY="-42"/>
    </animation>
    <animation direction="left">
      <frame delay="75" index="1" offsetX="1" offsetY="-40"/>
      <frame delay="75" index="1" offsetX="1" offsetY="-39"/>
      <frame delay="150" index="1" offsetX="1" offsetY="-40"/>
      <frame delay="75" index="1" offsetX="1" offsetY="-39"/>
      <frame delay="75" index="1" offsetX="1" offsetY="-40"/>
    </animation>
    <animation direction="up">
      <frame delay="75" index="2" offsetX="0" offsetY="-41"/>
      <frame delay="150" index="2" offsetX="0" offsetY="-42"/>
      <frame delay="75" index="2" offsetX="0" offsetY="-41"/>
      <frame delay="150" index="2" offsetX="0" offsetY="-42"/>
    </animation>
    <animation direction="right">
      <frame delay="75" index="3" offsetX="-1" offsetY="-40"/>
      <frame delay="75" index="3" offsetX="-1" offsetY="-39"/>
      <frame delay="150" index="3" offsetX="-1" offsetY="-40"/>
      <frame delay="75" index="3" offsetX="-1" offsetY="-39"/>
      <frame delay="75" index="3" offsetX="-1" offsetY="-40"/>
    </animation>
  </action>
  <action imageset="base" name="attack">
    <animation direction="down">
      <frame delay="75" index="0" offsetX="0" offsetY="-40"/>
      <frame delay="75" index="0" offsetX="0" offsetY="-41"/>
      <frame delay="75" index="0" offsetX="0" offsetY="-38"/>
      <frame delay="75" index="0" offsetX="0" offsetY="-37"/>
      <end/>
    </animation>
    <animation direction="left">
      <frame delay="75" index="1" offsetX="5" offsetY="-41"/>
      <frame delay="75" index="1" offsetX="5" offsetY="-42"/>
      <frame delay="75" index="1" offsetX="1" offsetY="-39"/>
      <frame delay="75" index="1" offsetX="0" offsetY="-38"/>
      <end/>
    </animation>
    <animation direction="up">
      <frame delay="225" index="2" offsetX="-1" offsetY="-41"/>
      <frame delay="75" index="2" offsetX="-1" offsetY="-39"/>
      <end/>
    </animation>
    <animation direction="right">
      <frame delay="75" index="3" offsetX="-4" offsetY="-41"/>
      <frame delay="75" index="3" offsetX="-4" offsetY="-42"/>
      <frame delay="75" index="3" offsetX="-1" offsetY="-39"/>
      <frame delay="75" index="3" offsetX="0" offsetY="-38"/>
      <end/>
    </animation>
  </action>
  <action imageset="base" name="attack_bow">
    <animation direction="down">
      <frame delay="225" index="0" offsetX="0" offsetY="-41"/>
      <frame delay="75" index="0" offsetX="0" offsetY="-40"/>
      <frame delay="75" index="0" offsetX="0" offsetY="-41"/>
      <end/>
    </animation>
    <animation direction="left">
      <frame delay="225" index="1" offsetX="4" offsetY="-40"/>
      <frame delay="150" index="1" offsetX="6" offsetY="-41"/>
      <end/>
    </animation>
    <animation direction="up">
      <frame delay="225" index="2" offsetX="0" offsetY="-41"/>
      <frame delay="75" index="2" offsetX="-1" offsetY="-40"/>
      <frame delay="75" index="2" offsetX="-1" offsetY="-41"/>
      <end/>
    </animation>
    <animation direction="right">
      <frame delay="225" index="3" offsetX="-4" offsetY="-40"/>
      <frame delay="150" index="3" offsetX="-6" offsetY="-41"/>
      <end/>
    </animation>
  </action>
  <action imageset="base" name="sit">
    <animation direction="down">
      <frame index="0" offsetX="0" offsetY="-30"/>
    </animation>
    <animation direction="left">
      <frame index="1" offsetX="5" offsetY="-31"/>
    </animation>
    <animation direction="up">
      <frame index="2" offsetX="1" offsetY="-33"/>
    </animation>
    <animation direction="right">
      <frame index="3" offsetX="-7" offsetY="-31"/>
    </animation>
  </action>
  <action imageset="base" name="dead">
    <animation direction="default">
      <frame index="4" offsetX="35" offsetY="-6"/>
    </animation>
  </action>
  <action name="attack_2hand" imageset="base">
    <animation direction="down">
      <frame index="0" offsetX="-1" offsetY="-39" delay="140"/>
      <frame index="0" offsetX="-1" offsetY="-36" delay="140"/>
      <frame index="0" offsetX="-1" offsetY="-41" delay="140"/>
      <frame index="0" offsetX="-1" offsetY="-35" delay="140"/>
      <end/>
    </animation>
    <animation direction="left">
      <frame index="1" offsetX="0" offsetY="-37" delay="140"/>
      <frame index="1" offsetX="3" offsetY="-40" delay="140"/>
      <frame index="1" offsetX="5" offsetY="-40" delay="140"/>
      <frame index="1" offsetX="-2" offsetY="-36" delay="140"/>
      <end/>
    </animation>
    <animation direction="up">
      <frame index="2" offsetX="-2" offsetY="-40" delay="280"/>
      <frame index="2" offsetX="-2" offsetY="-38" delay="140"/>
      <frame index="2" offsetX="-1" offsetY="-41" delay="140"/>
      <end/>
    </animation>
    <animation direction="right">
      <frame index="3" offsetX="1" offsetY="-37" delay="140"/>
      <frame index="3" offsetX="-2" offsetY="-40" delay="140"/>
      <frame index="3" offsetX="-4" offsetY="-40" delay="140"/>
      <frame index="3" offsetX="2" offsetY="-36" delay="140"/>
      <end/>
    </animation>
  </action>
  <action name="attack_sword_stab" imageset="base">
    <animation direction="down">
      <frame index="0" offsetX="0" offsetY="-40" delay="100"/>
      <frame index="0" offsetX="0" offsetY="-41" delay="100"/>
      <frame index="0" offsetX="0" offsetY="-38" delay="100"/>
      <frame index="0" offsetX="0" offsetY="-37" delay="100"/>
      <end/>
    </animation>
    <animation direction="left">
      <frame index="1" offsetX="5" offsetY="-41" delay="100"/>
      <frame index="1" offsetX="5" offsetY="-42" delay="100"/>
      <frame index="1" offsetX="1" offsetY="-39" delay="100"/>
      <frame index="1" offsetX="0" offsetY="-38" delay="100"/>
      <end/>
    </animation>
    <animation direction="up">
      <frame index="2" offsetX="-1" offsetY="-41" delay="300"/>
      <frame index="2" offsetX="-1" offsetY="-39" delay="100"/>
      <end/>
    </animation>
    <animation direction="right">
      <frame index="3" offsetX="-4" offsetY="-41" delay="100"/>
      <frame index="3" offsetX="-4" offsetY="-42" delay="100"/>
      <frame index="3" offsetX="-1" offsetY="-39" delay="100"/>
      <frame index="3" offsetX="0" offsetY="-38" delay="100"/>
      <end/>
    </animation>
  </action>
  <action name="attack_spear" imageset="base">
    <animation direction="down">
      <frame index="0" offsetX="-2" offsetY="-42" delay="280"/>
      <frame index="0" offsetX="-2" offsetY="-43" delay="140"/>
      <frame index="0" offsetX="-2" offsetY="-37" delay="140"/>
      <end/>
    </animation>
    <animation direction="left">
      <frame index="1" offsetX="5" offsetY="-41" delay="140"/>
      <frame index="1" offsetX="8" offsetY="-39" delay="140"/>
      <frame index="1" offsetX="1" offsetY="-41" delay="140"/>
      <frame index="1" offsetX="1" offsetY="-38" delay="140"/>
      <end/>
    </animation>
    <animation direction="up">
      <frame index="2" offsetX="-3" offsetY="-41" delay="140"/>
      <frame index="2" offsetX="-2" offsetY="-41" delay="140"/>
      <frame index="2" offsetX="-2" offsetY="-40" delay="140"/>
      <frame index="2" offsetX="-3" offsetY="-45" delay="140"/>
      <end/>
    </animation>
    <animation direction="right">
      <frame index="3" offsetX="-4" offsetY="-41" delay="140"/>
      <frame index="3" offsetX="-6" offsetY="-39" delay="140"/>
      <frame index="3" offsetX="0" offsetY="-41" delay="140"/>
      <frame index="3" offsetX="1" offsetY="-38" delay="140"/>
      <end/>
    </animation>
  </action>
  <action name="attack_chop" imageset="base">
    <animation direction="down">
      <frame index="0" offsetX="-1" offsetY="-39" delay="280"/>
      <frame index="0" offsetX="-1" offsetY="-41" delay="140"/>
      <frame index="0" offsetX="-1" offsetY="-35" delay="140"/>
      <end/>
    </animation>
    <animation direction="left">
      <frame index="1" offsetX="4" offsetY="-41" delay="140"/>
      <frame index="1" offsetX="4" offsetY="-42" delay="280"/>
      <frame index="1" offsetX="-1" offsetY="-38" delay="140"/>
      <end/>
    </animation>
    <animation direction="up">
      <frame index="2" offsetX="-2" offsetY="-40" delay="140"/>
      <frame index="2" offsetX="-2" offsetY="-39" delay="280"/>
      <frame index="2" offsetX="-2" offsetY="-38" delay="140"/>
      <end/>
    </animation>
    <animation direction="right">
      <frame index="3" offsetX="-4" offsetY="-41" delay="140"/>
      <frame index="3" offsetX="-3" offsetY="-42" delay="280"/>
      <frame index="3" offsetX="2" offsetY="-38" delay="140"/>
      <end/>
    </animation>
  </action>
</sprite>
