<?xml version="1.0"?>
<sprite>
  <imageset height="32" name="base" src="graphics/sprites/equipment/head/mouboohead.png" width="28"/>
  <action imageset="base" name="stand">
    <animation direction="down">
      <frame index="0" offsetX="0" offsetY="-35"/>
    </animation>
    <animation direction="left">
      <frame index="1" offsetX="-2" offsetY="-35"/>
    </animation>
    <animation direction="up">
      <frame index="2" offsetX="-2" offsetY="-35"/>
    </animation>
    <animation direction="right">
      <frame index="3" offsetX="2" offsetY="-35"/>
    </animation>
  </action>
  <action imageset="base" name="walk">
    <animation direction="down">
      <frame delay="75" index="0" offsetX="0" offsetY="-34"/>
      <frame delay="150" index="0" offsetX="0" offsetY="-35"/>
      <frame delay="75" index="0" offsetX="0" offsetY="-34"/>
      <frame delay="150" index="0" offsetX="0" offsetY="-35"/>
    </animation>
    <animation direction="left">
      <frame delay="75" index="1" offsetX="-2" offsetY="-35"/>
      <frame delay="75" index="1" offsetX="-2" offsetY="-34"/>
      <frame delay="150" index="1" offsetX="-2" offsetY="-35"/>
      <frame delay="75" index="1" offsetX="-2" offsetY="-34"/>
      <frame delay="75" index="1" offsetX="-2" offsetY="-35"/>
    </animation>
    <animation direction="up">
      <frame delay="75" index="2" offsetX="-2" offsetY="-35"/>
      <frame delay="150" index="2" offsetX="-2" offsetY="-36"/>
      <frame delay="75" index="2" offsetX="-2" offsetY="-35"/>
      <frame delay="150" index="2" offsetX="-2" offsetY="-36"/>
    </animation>
    <animation direction="right">
      <frame delay="75" index="3" offsetX="2" offsetY="-35"/>
      <frame delay="75" index="3" offsetX="2" offsetY="-34"/>
      <frame delay="150" index="3" offsetX="2" offsetY="-35"/>
      <frame delay="75" index="3" offsetX="2" offsetY="-34"/>
      <frame delay="75" index="3" offsetX="2" offsetY="-35"/>
    </animation>
  </action>
  <action imageset="base" name="attack">
    <animation direction="down">
      <frame delay="75" index="5" offsetX="0" offsetY="-33"/>
      <frame delay="75" index="5" offsetX="0" offsetY="-34"/>
      <frame delay="75" index="5" offsetX="0" offsetY="-31"/>
      <frame delay="75" index="5" offsetX="0" offsetY="-30"/>
      <end/>
    </animation>
    <animation direction="left">
      <frame delay="75" index="6" offsetX="2" offsetY="-36"/>
      <frame delay="75" index="6" offsetX="2" offsetY="-37"/>
      <frame delay="75" index="6" offsetX="-1" offsetY="-34"/>
      <frame delay="75" index="6" offsetX="-3" offsetY="-33"/>
      <end/>
    </animation>
    <animation direction="up">
      <frame delay="225" index="2" offsetX="-3" offsetY="-35"/>
      <frame delay="75" index="2" offsetX="-3" offsetY="-33"/>
      <end/>
    </animation>
    <animation direction="right">
      <frame delay="75" index="8" offsetX="-1" offsetY="-36"/>
      <frame delay="75" index="8" offsetX="-1" offsetY="-37"/>
      <frame delay="75" index="8" offsetX="2" offsetY="-34"/>
      <frame delay="75" index="8" offsetX="3" offsetY="-33"/>
      <end/>
    </animation>
  </action>
  <action imageset="base" name="attack_bow">
    <animation direction="down">
      <frame delay="225" index="0" offsetX="0" offsetY="-34"/>
      <frame delay="75" index="0" offsetX="0" offsetY="-33"/>
      <frame delay="75" index="0" offsetX="0" offsetY="-34"/>
      <end/>
    </animation>
    <animation direction="left">
      <frame delay="225" index="1" offsetX="1" offsetY="-35"/>
      <frame delay="150" index="1" offsetX="3" offsetY="-36"/>
      <end/>
    </animation>
    <animation direction="up">
      <frame delay="225" index="2" offsetX="-2" offsetY="-35"/>
      <frame delay="75" index="2" offsetX="-3" offsetY="-34"/>
      <frame delay="75" index="2" offsetX="-3" offsetY="-35"/>
      <end/>
    </animation>
    <animation direction="right">
      <frame delay="225" index="3" offsetX="-1" offsetY="-35"/>
      <frame delay="150" index="3" offsetX="-3" offsetY="-36"/>
      <end/>
    </animation>
  </action>
  <action imageset="base" name="sit">
    <animation direction="down">
      <frame index="0" offsetX="0" offsetY="-23"/>
    </animation>
    <animation direction="left">
      <frame index="1" offsetX="2" offsetY="-26"/>
    </animation>
    <animation direction="up">
      <frame index="2" offsetX="-1" offsetY="-27"/>
    </animation>
    <animation direction="right">
      <frame index="3" offsetX="-3" offsetY="-26"/>
    </animation>
  </action>
  <action imageset="base" name="dead">
    <animation direction="default">
      <frame index="4" offsetX="27" offsetY="-6"/>
    </animation>
  </action>
  <action name="attack_2hand" imageset="base">
    <animation direction="down">
      <frame index="5" offsetX="-1" offsetY="-32" delay="140"/>
      <frame index="5" offsetX="-1" offsetY="-29" delay="140"/>
      <frame index="5" offsetX="-1" offsetY="-34" delay="140"/>
      <frame index="5" offsetX="-1" offsetY="-28" delay="140"/>
      <end/>
    </animation>
    <animation direction="left">
      <frame index="6" offsetX="-3" offsetY="-32" delay="140"/>
      <frame index="6" offsetX="0" offsetY="-35" delay="140"/>
      <frame index="6" offsetX="3" offsetY="-35" delay="140"/>
      <frame index="6" offsetX="-5" offsetY="-31" delay="140"/>
      <end/>
    </animation>
    <animation direction="up">
      <frame index="2" offsetX="-4" offsetY="-34" delay="280"/>
      <frame index="2" offsetX="-4" offsetY="-32" delay="140"/>
      <frame index="2" offsetX="-3" offsetY="-35" delay="140"/>
      <end/>
    </animation>
    <animation direction="right">
      <frame index="8" offsetX="4" offsetY="-32" delay="140"/>
      <frame index="8" offsetX="1" offsetY="-35" delay="140"/>
      <frame index="8" offsetX="-1" offsetY="-35" delay="140"/>
      <frame index="8" offsetX="5" offsetY="-31" delay="140"/>
      <end/>
    </animation>
  </action>
  <action name="attack_sword_stab" imageset="base">
    <animation direction="down">
      <frame index="5" offsetX="0" offsetY="-33" delay="100"/>
      <frame index="5" offsetX="0" offsetY="-34" delay="100"/>
      <frame index="5" offsetX="0" offsetY="-31" delay="100"/>
      <frame index="5" offsetX="0" offsetY="-30" delay="100"/>
      <end/>
    </animation>
    <animation direction="left">
      <frame index="6" offsetX="2" offsetY="-36" delay="100"/>
      <frame index="6" offsetX="2" offsetY="-37" delay="100"/>
      <frame index="6" offsetX="-1" offsetY="-34" delay="100"/>
      <frame index="6" offsetX="-3" offsetY="-33" delay="100"/>
      <end/>
    </animation>
    <animation direction="up">
      <frame index="2" offsetX="-3" offsetY="-35" delay="300"/>
      <frame index="2" offsetX="-3" offsetY="-33" delay="100"/>
      <end/>
    </animation>
    <animation direction="right">
      <frame index="8" offsetX="-1" offsetY="-36" delay="100"/>
      <frame index="8" offsetX="-1" offsetY="-37" delay="100"/>
      <frame index="8" offsetX="2" offsetY="-34" delay="100"/>
      <frame index="8" offsetX="3" offsetY="-33" delay="100"/>
      <end/>
    </animation>
  </action>
  <action name="attack_spear" imageset="base">
    <animation direction="down">
      <frame index="5" offsetX="-2" offsetY="-35" delay="280"/>
      <frame index="5" offsetX="-2" offsetY="-36" delay="140"/>
      <frame index="5" offsetX="-2" offsetY="-30" delay="140"/>
      <end/>
    </animation>
    <animation direction="left">
      <frame index="6" offsetX="2" offsetY="-36" delay="140"/>
      <frame index="6" offsetX="5" offsetY="-34" delay="140"/>
      <frame index="6" offsetX="-1" offsetY="-36" delay="140"/>
      <frame index="6" offsetX="-2" offsetY="-33" delay="140"/>
      <end/>
    </animation>
    <animation direction="up">
      <frame index="2" offsetX="-5" offsetY="-35" delay="140"/>
      <frame index="2" offsetX="-4" offsetY="-35" delay="140"/>
      <frame index="2" offsetX="-4" offsetY="-34" delay="140"/>
      <frame index="2" offsetX="-5" offsetY="-39" delay="140"/>
      <end/>
    </animation>
    <animation direction="right">
      <frame index="8" offsetX="-1" offsetY="-36" delay="140"/>
      <frame index="8" offsetX="-3" offsetY="-34" delay="140"/>
      <frame index="8" offsetX="3" offsetY="-36" delay="140"/>
      <frame index="8" offsetX="4" offsetY="-33" delay="140"/>
      <end/>
    </animation>
  </action>
  <action name="attack_chop" imageset="base">
    <animation direction="down">
      <frame index="5" offsetX="-1" offsetY="-32" delay="280"/>
      <frame index="5" offsetX="-1" offsetY="-34" delay="140"/>
      <frame index="5" offsetX="-1" offsetY="-28" delay="140"/>
      <end/>
    </animation>
    <animation direction="left">
      <frame index="6" offsetX="1" offsetY="-36" delay="140"/>
      <frame index="6" offsetX="1" offsetY="-37" delay="140"/>
      <frame index="6" offsetX="2" offsetY="-37" delay="140"/>
      <frame index="6" offsetX="-4" offsetY="-33" delay="140"/>
      <end/>
    </animation>
    <animation direction="up">
      <frame index="2" offsetX="-4" offsetY="-34" delay="140"/>
      <frame index="2" offsetX="-4" offsetY="-33" delay="280"/>
      <frame index="2" offsetX="-4" offsetY="-32" delay="140"/>
      <end/>
    </animation>
    <animation direction="right">
      <frame index="8" offsetX="-1" offsetY="-36" delay="140"/>
      <frame index="8" offsetX="0" offsetY="-37" delay="280"/>
      <frame index="8" offsetX="5" offsetY="-33" delay="140"/>
      <end/>
    </animation>
  </action>
</sprite>
