<?xml version="1.0"?>
<sprite>
  <imageset name="base" src="graphics/sprites/equipment/head/mushroom.png" width="26" height="15"/>
  <action name="stand" imageset="base">
    <animation direction="down">
      <frame index="0" offsetX="-1" offsetY="-48"/>
    </animation>
    <animation direction="left">
      <frame index="0" offsetX="0" offsetY="-48"/>
    </animation>
    <animation direction="up">
      <frame index="0" offsetX="-2" offsetY="-48"/>
    </animation>
    <animation direction="right">
      <frame index="0" offsetX="-1" offsetY="-48"/>
    </animation>
  </action>
  <action name="walk" imageset="base">
    <animation direction="down">
      <frame index="0" offsetX="-1" offsetY="-47" delay="75"/>
      <frame index="0" offsetX="-1" offsetY="-48" delay="150"/>
      <frame index="0" offsetX="-1" offsetY="-47" delay="75"/>
      <frame index="0" offsetX="-1" offsetY="-48" delay="150"/>
    </animation>
    <animation direction="left">
      <frame index="0" offsetX="0" offsetY="-48" delay="75"/>
      <frame index="0" offsetX="0" offsetY="-47" delay="75"/>
      <frame index="0" offsetX="0" offsetY="-48" delay="150"/>
      <frame index="0" offsetX="0" offsetY="-47" delay="75"/>
      <frame index="0" offsetX="0" offsetY="-48" delay="75"/>
    </animation>
    <animation direction="up">
      <frame index="0" offsetX="-2" offsetY="-48" delay="75"/>
      <frame index="0" offsetX="-2" offsetY="-49" delay="150"/>
      <frame index="0" offsetX="-2" offsetY="-48" delay="75"/>
      <frame index="0" offsetX="-2" offsetY="-49" delay="150"/>
    </animation>
    <animation direction="right">
      <frame index="0" offsetX="-1" offsetY="-48" delay="75"/>
      <frame index="0" offsetX="-1" offsetY="-47" delay="75"/>
      <frame index="0" offsetX="-1" offsetY="-48" delay="150"/>
      <frame index="0" offsetX="-1" offsetY="-47" delay="75"/>
      <frame index="0" offsetX="-1" offsetY="-48" delay="75"/>
    </animation>
  </action>
  <action name="attack" imageset="base">
    <animation direction="down">
      <frame index="0" offsetX="-1" offsetY="-46" delay="75"/>
      <frame index="0" offsetX="-1" offsetY="-47" delay="75"/>
      <frame index="0" offsetX="-1" offsetY="-44" delay="75"/>
      <frame index="0" offsetX="-1" offsetY="-43" delay="75"/>
      <end/>
    </animation>
    <animation direction="left">
      <frame index="0" offsetX="4" offsetY="-49" delay="75"/>
      <frame index="0" offsetX="4" offsetY="-50" delay="75"/>
      <frame index="0" offsetX="0" offsetY="-47" delay="75"/>
      <frame index="0" offsetX="-1" offsetY="-46" delay="75"/>
      <end/>
    </animation>
    <animation direction="up">
      <frame index="0" offsetX="-3" offsetY="-48" delay="225"/>
      <frame index="0" offsetX="-3" offsetY="-46" delay="75"/>
      <end/>
    </animation>
    <animation direction="right">
      <frame index="0" offsetX="-4" offsetY="-49" delay="75"/>
      <frame index="0" offsetX="-4" offsetY="-50" delay="75"/>
      <frame index="0" offsetX="-1" offsetY="-47" delay="75"/>
      <frame index="0" offsetX="0" offsetY="-46" delay="75"/>
      <end/>
    </animation>
  </action>
  <action name="attack_bow" imageset="base">
    <animation direction="down">
      <frame index="0" offsetX="-1" offsetY="-47" delay="225"/>
      <frame index="0" offsetX="-1" offsetY="-46" delay="75"/>
      <frame index="0" offsetX="-1" offsetY="-47" delay="75"/>
      <end/>
    </animation>
    <animation direction="left">
      <frame index="0" offsetX="3" offsetY="-48" delay="225"/>
      <frame index="0" offsetX="5" offsetY="-49" delay="150"/>
      <end/>
    </animation>
    <animation direction="up">
      <frame index="0" offsetX="-2" offsetY="-48" delay="225"/>
      <frame index="0" offsetX="-3" offsetY="-47" delay="75"/>
      <frame index="0" offsetX="-3" offsetY="-48" delay="75"/>
      <end/>
    </animation>
    <animation direction="right">
      <frame index="0" offsetX="-4" offsetY="-48" delay="225"/>
      <frame index="0" offsetX="-6" offsetY="-49" delay="150"/>
      <end/>
    </animation>
  </action>
  <action name="sit" imageset="base">
    <animation direction="down">
      <frame index="0" offsetX="-1" offsetY="-36"/>
    </animation>
    <animation direction="left">
      <frame index="0" offsetX="4" offsetY="-39"/>
    </animation>
    <animation direction="up">
      <frame index="0" offsetX="-1" offsetY="-40"/>
    </animation>
    <animation direction="right">
      <frame index="0" offsetX="-7" offsetY="-38"/>
    </animation>
  </action>
  <action name="dead" imageset="base">
    <animation direction="default">
      <frame index="1" offsetX="37" offsetY="-6"/>
    </animation>
  </action>
  <action name="attack_2hand" imageset="base">
    <animation direction="down">
      <frame index="0" offsetX="-1" offsetY="-47" delay="140"/>
      <frame index="0" offsetX="-1" offsetY="-43" delay="140"/>
      <frame index="0" offsetX="-1" offsetY="-48" delay="140"/>
      <frame index="0" offsetX="-1" offsetY="-43" delay="140"/>
      <end/>
    </animation>
    <animation direction="left">
      <frame index="0" offsetX="0" offsetY="-47" delay="140"/>
      <frame index="0" offsetX="3" offsetY="-50" delay="140"/>
      <frame index="0" offsetX="5" offsetY="-50" delay="140"/>
      <frame index="0" offsetX="-2" offsetY="-46" delay="140"/>
      <end/>
    </animation>
    <animation direction="up">
      <frame index="0" offsetX="-3" offsetY="-48" delay="280"/>
      <frame index="0" offsetX="-3" offsetY="-46" delay="140"/>
      <frame index="0" offsetX="-2" offsetY="-49" delay="140"/>
      <end/>
    </animation>
    <animation direction="right">
      <frame index="0" offsetX="1" offsetY="-47" delay="140"/>
      <frame index="0" offsetX="-2" offsetY="-50" delay="140"/>
      <frame index="0" offsetX="-4" offsetY="-50" delay="140"/>
      <frame index="0" offsetX="1" offsetY="-46" delay="140"/>
      <end/>
    </animation>
  </action>
  <action name="attack_sword_stab" imageset="base">
    <animation direction="down">
      <frame index="0" offsetX="-1" offsetY="-46" delay="100"/>
      <frame index="0" offsetX="-1" offsetY="-47" delay="100"/>
      <frame index="0" offsetX="-1" offsetY="-44" delay="100"/>
      <frame index="0" offsetX="-1" offsetY="-43" delay="100"/>
      <end/>
    </animation>
    <animation direction="left">
      <frame index="0" offsetX="4" offsetY="-49" delay="100"/>
      <frame index="0" offsetX="4" offsetY="-50" delay="100"/>
      <frame index="0" offsetX="0" offsetY="-47" delay="100"/>
      <frame index="0" offsetX="-1" offsetY="-46" delay="100"/>
      <end/>
    </animation>
    <animation direction="up">
      <frame index="0" offsetX="-3" offsetY="-48" delay="300"/>
      <frame index="0" offsetX="-3" offsetY="-46" delay="100"/>
      <end/>
    </animation>
    <animation direction="right">
      <frame index="0" offsetX="-4" offsetY="-49" delay="100"/>
      <frame index="0" offsetX="-4" offsetY="-50" delay="100"/>
      <frame index="0" offsetX="-1" offsetY="-47" delay="100"/>
      <frame index="0" offsetX="0" offsetY="-46" delay="100"/>
      <end/>
    </animation>
  </action>
  <action name="attack_spear" imageset="base">
    <animation direction="down">
      <frame index="0" offsetX="-2" offsetY="-49" delay="280"/>
      <frame index="0" offsetX="-2" offsetY="-50" delay="140"/>
      <frame index="0" offsetX="-2" offsetY="-43" delay="140"/>
      <end/>
    </animation>
    <animation direction="left">
      <frame index="0" offsetX="5" offsetY="-49" delay="140"/>
      <frame index="0" offsetX="6" offsetY="-50" delay="140"/>
      <frame index="0" offsetX="1" offsetY="-51" delay="140"/>
      <frame index="0" offsetX="-1" offsetY="-46" delay="140"/>
      <end/>
    </animation>
    <animation direction="up">
      <frame index="0" offsetX="-3" offsetY="-48" delay="420"/>
      <frame index="0" offsetX="-4" offsetY="-51" delay="140"/>
      <end/>
    </animation>
    <animation direction="right">
      <frame index="0" offsetX="-4" offsetY="-49" delay="140"/>
      <frame index="0" offsetX="-5" offsetY="-50" delay="140"/>
      <frame index="0" offsetX="0" offsetY="-51" delay="140"/>
      <frame index="0" offsetX="2" offsetY="-46" delay="140"/>
      <end/>
    </animation>
  </action>
  <action name="attack_chop" imageset="base">
    <animation direction="down">
      <frame index="0" offsetX="-1" offsetY="-46" delay="140"/>
      <frame index="0" offsetX="-2" offsetY="-47" delay="140"/>
      <frame index="0" offsetX="-1" offsetY="-49" delay="140"/>
      <frame index="0" offsetX="-1" offsetY="-44" delay="140"/>
      <end/>
    </animation>
    <animation direction="left">
      <frame index="0" offsetX="4" offsetY="-51" delay="140"/>
      <frame index="0" offsetX="4" offsetY="-50" delay="140"/>
      <frame index="0" offsetX="4" offsetY="-51" delay="140"/>
      <frame index="0" offsetX="-1" offsetY="-47" delay="140"/>
      <end/>
    </animation>
    <animation direction="up">
      <frame index="0" offsetX="-3" offsetY="-48" delay="280"/>
      <frame index="0" offsetX="-3" offsetY="-46" delay="280"/>
      <end/>
    </animation>
    <animation direction="right">
      <frame index="0" offsetX="-3" offsetY="-51" delay="140"/>
      <frame index="0" offsetX="-3" offsetY="-50" delay="140"/>
      <frame index="0" offsetX="-2" offsetY="-51" delay="140"/>
      <frame index="0" offsetX="2" offsetY="-47" delay="140"/>
      <end/>
    </animation>
  </action>
</sprite>
