<?xml version="1.0"?>
<sprite>
  <imageset height="39" name="base" src="graphics/sprites/equipment/head/overlordhelm.png" width="39"/>
  <action imageset="base" name="stand">
    <animation direction="down">
      <frame index="0" offsetX="-1" offsetY="-31"/>
    </animation>
    <animation direction="left">
      <frame index="1" offsetX="0" offsetY="-31"/>
    </animation>
    <animation direction="up">
      <frame index="2" offsetX="-2" offsetY="-32"/>
    </animation>
    <animation direction="right">
      <frame index="3" offsetX="0" offsetY="-31"/>
    </animation>
  </action>
  <action imageset="base" name="walk">
    <animation direction="down">
      <frame delay="75" index="0" offsetX="-1" offsetY="-30"/>
      <frame delay="150" index="0" offsetX="-1" offsetY="-31"/>
      <frame delay="75" index="0" offsetX="-1" offsetY="-30"/>
      <frame delay="150" index="0" offsetX="-1" offsetY="-31"/>
    </animation>
    <animation direction="left">
      <frame delay="75" index="1" offsetX="0" offsetY="-31"/>
      <frame delay="75" index="1" offsetX="0" offsetY="-30"/>
      <frame delay="150" index="1" offsetX="0" offsetY="-31"/>
      <frame delay="75" index="1" offsetX="0" offsetY="-30"/>
      <frame delay="75" index="1" offsetX="0" offsetY="-31"/>
    </animation>
    <animation direction="up">
      <frame delay="75" index="2" offsetX="-2" offsetY="-32"/>
      <frame delay="150" index="2" offsetX="-2" offsetY="-33"/>
      <frame delay="75" index="2" offsetX="-2" offsetY="-32"/>
      <frame delay="150" index="2" offsetX="-2" offsetY="-33"/>
    </animation>
    <animation direction="right">
      <frame delay="75" index="3" offsetX="0" offsetY="-31"/>
      <frame delay="75" index="3" offsetX="0" offsetY="-30"/>
      <frame delay="150" index="3" offsetX="0" offsetY="-31"/>
      <frame delay="75" index="3" offsetX="0" offsetY="-30"/>
      <frame delay="75" index="3" offsetX="0" offsetY="-31"/>
    </animation>
  </action>
  <action imageset="base" name="attack">
    <animation direction="down">
      <frame delay="75" index="0" offsetX="-1" offsetY="-39"/>
      <frame delay="75" index="0" offsetX="-1" offsetY="-30"/>
      <frame delay="75" index="0" offsetX="-1" offsetY="-27"/>
      <frame delay="75" index="0" offsetX="-1" offsetY="-26"/>
      <end/>
    </animation>
    <animation direction="left">
      <frame delay="75" index="1" offsetX="4" offsetY="-32"/>
      <frame delay="75" index="1" offsetX="4" offsetY="-33"/>
      <frame delay="75" index="1" offsetX="0" offsetY="-30"/>
      <frame delay="75" index="1" offsetX="-1" offsetY="-29"/>
      <end/>
    </animation>
    <animation direction="up">
      <frame delay="225" index="2" offsetX="-3" offsetY="-32"/>
      <frame delay="75" index="2" offsetX="-3" offsetY="-29"/>
      <end/>
    </animation>
    <animation direction="right">
      <frame delay="75" index="3" offsetX="-3" offsetY="-32"/>
      <frame delay="75" index="3" offsetX="-3" offsetY="-33"/>
      <frame delay="75" index="3" offsetX="0" offsetY="-30"/>
      <frame delay="75" index="3" offsetX="1" offsetY="-29"/>
      <end/>
    </animation>
  </action>
  <action imageset="base" name="attack_bow">
    <animation direction="down">
      <frame delay="225" index="0" offsetX="-1" offsetY="-30"/>
      <frame delay="75" index="0" offsetX="-1" offsetY="-29"/>
      <frame delay="75" index="0" offsetX="-1" offsetY="-30"/>
      <end/>
    </animation>
    <animation direction="left">
      <frame delay="225" index="1" offsetX="3" offsetY="-31"/>
      <frame delay="150" index="1" offsetX="5" offsetY="-32"/>
      <end/>
    </animation>
    <animation direction="up">
      <frame delay="225" index="2" offsetX="-2" offsetY="-32"/>
      <frame delay="75" index="2" offsetX="-3" offsetY="-31"/>
      <frame delay="75" index="2" offsetX="-3" offsetY="-32"/>
      <end/>
    </animation>
    <animation direction="right">
      <frame delay="225" index="3" offsetX="-3" offsetY="-31"/>
      <frame delay="150" index="3" offsetX="-5" offsetY="-32"/>
      <end/>
    </animation>
  </action>
  <action imageset="base" name="sit">
    <animation direction="down">
      <frame index="0" offsetX="-1" offsetY="-19"/>
    </animation>
    <animation direction="left">
      <frame index="1" offsetX="4" offsetY="-22"/>
    </animation>
    <animation direction="up">
      <frame index="2" offsetX="-1" offsetY="-24"/>
    </animation>
    <animation direction="right">
      <frame index="3" offsetX="-6" offsetY="-22"/>
    </animation>
  </action>
  <action imageset="base" name="dead">
    <animation direction="default">
      <frame index="4" offsetX="21" offsetY="-5"/>
    </animation>
  </action>
  <action name="attack_2hand" imageset="base">
    <animation direction="down">
      <frame index="0" offsetX="-2" offsetY="-38" delay="140"/>
      <frame index="0" offsetX="-2" offsetY="-25" delay="140"/>
      <frame index="0" offsetX="-2" offsetY="-30" delay="140"/>
      <frame index="0" offsetX="-2" offsetY="-24" delay="140"/>
      <end/>
    </animation>
    <animation direction="left">
      <frame index="1" offsetX="-1" offsetY="-28" delay="140"/>
      <frame index="1" offsetX="2" offsetY="-31" delay="140"/>
      <frame index="1" offsetX="4" offsetY="-31" delay="140"/>
      <frame index="1" offsetX="-3" offsetY="-27" delay="140"/>
      <end/>
    </animation>
    <animation direction="up">
      <frame index="2" offsetX="-4" offsetY="-31" delay="280"/>
      <frame index="2" offsetX="-4" offsetY="-29" delay="140"/>
      <frame index="2" offsetX="-3" offsetY="-31" delay="140"/>
      <end/>
    </animation>
    <animation direction="right">
      <frame index="3" offsetX="2" offsetY="-28" delay="140"/>
      <frame index="3" offsetX="-1" offsetY="-31" delay="140"/>
      <frame index="3" offsetX="-3" offsetY="-31" delay="140"/>
      <frame index="3" offsetX="3" offsetY="-27" delay="140"/>
      <end/>
    </animation>
  </action>
  <action name="attack_sword_stab" imageset="base">
    <animation direction="down">
      <frame index="0" offsetX="-1" offsetY="-39" delay="100"/>
      <frame index="0" offsetX="-1" offsetY="-30" delay="100"/>
      <frame index="0" offsetX="-1" offsetY="-27" delay="100"/>
      <frame index="0" offsetX="-1" offsetY="-26" delay="100"/>
      <end/>
    </animation>
    <animation direction="left">
      <frame index="1" offsetX="4" offsetY="-32" delay="100"/>
      <frame index="1" offsetX="4" offsetY="-33" delay="100"/>
      <frame index="1" offsetX="0" offsetY="-30" delay="100"/>
      <frame index="1" offsetX="-1" offsetY="-29" delay="100"/>
      <end/>
    </animation>
    <animation direction="up">
      <frame index="2" offsetX="-3" offsetY="-32" delay="300"/>
      <frame index="2" offsetX="-3" offsetY="-29" delay="100"/>
      <end/>
    </animation>
    <animation direction="right">
      <frame index="3" offsetX="-3" offsetY="-32" delay="100"/>
      <frame index="3" offsetX="-3" offsetY="-33" delay="100"/>
      <frame index="3" offsetX="0" offsetY="-30" delay="100"/>
      <frame index="3" offsetX="1" offsetY="-29" delay="100"/>
      <end/>
    </animation>
  </action>
  <action name="attack_spear" imageset="base">
    <animation direction="down">
      <frame index="0" offsetX="-3" offsetY="-41" delay="140"/>
      <frame index="0" offsetX="-3" offsetY="-31" delay="140"/>
      <frame index="0" offsetX="-3" offsetY="-32" delay="140"/>
      <frame index="0" offsetX="-3" offsetY="-26" delay="140"/>
      <end/>
    </animation>
    <animation direction="left">
      <frame index="1" offsetX="4" offsetY="-32" delay="140"/>
      <frame index="1" offsetX="7" offsetY="-30" delay="140"/>
      <frame index="1" offsetX="0" offsetY="-32" delay="140"/>
      <frame index="1" offsetX="0" offsetY="-29" delay="140"/>
      <end/>
    </animation>
    <animation direction="up">
      <frame index="2" offsetX="-5" offsetY="-32" delay="140"/>
      <frame index="2" offsetX="-4" offsetY="-32" delay="140"/>
      <frame index="2" offsetX="-4" offsetY="-31" delay="140"/>
      <frame index="2" offsetX="-5" offsetY="-35" delay="140"/>
      <end/>
    </animation>
    <animation direction="right">
      <frame index="3" offsetX="-3" offsetY="-32" delay="140"/>
      <frame index="3" offsetX="-5" offsetY="-30" delay="140"/>
      <frame index="3" offsetX="1" offsetY="-32" delay="140"/>
      <frame index="3" offsetX="2" offsetY="-29" delay="140"/>
      <end/>
    </animation>
  </action>
  <action name="attack_chop" imageset="base">
    <animation direction="down">
      <frame index="0" offsetX="-2" offsetY="-38" delay="140"/>
      <frame index="0" offsetX="-2" offsetY="-28" delay="140"/>
      <frame index="0" offsetX="-2" offsetY="-30" delay="140"/>
      <frame index="0" offsetX="-2" offsetY="-24" delay="140"/>
      <end/>
    </animation>
    <animation direction="left">
      <frame index="1" offsetX="3" offsetY="-32" delay="140"/>
      <frame index="1" offsetX="3" offsetY="-33" delay="280"/>
      <frame index="1" offsetX="-2" offsetY="-29" delay="140"/>
      <end/>
    </animation>
    <animation direction="up">
      <frame index="2" offsetX="-4" offsetY="-31" delay="140"/>
      <frame index="2" offsetX="-4" offsetY="-30" delay="280"/>
      <frame index="2" offsetX="-4" offsetY="-28" delay="140"/>
      <end/>
    </animation>
    <animation direction="right">
      <frame index="3" offsetX="-3" offsetY="-32" delay="140"/>
      <frame index="3" offsetX="-2" offsetY="-33" delay="280"/>
      <frame index="3" offsetX="3" offsetY="-29" delay="140"/>
      <end/>
    </animation>
  </action>
</sprite>
