<?xml version="1.0"?>
<sprite>
  <imageset name="base" src="graphics/sprites/equipment/head/parsley-earplugs.png" width="32" height="16"/>
  <action name="stand" imageset="base">
    <animation direction="down">
      <frame index="0" offsetX="-1" offsetY="-41"/>
    </animation>
    <animation direction="left">
      <frame index="1" offsetX="2" offsetY="-40"/>
    </animation>
    <animation direction="up">
      <frame index="2" offsetX="-2" offsetY="-38"/>
    </animation>
    <animation direction="right">
      <frame index="3" offsetX="-3" offsetY="-40"/>
    </animation>
  </action>
  <action name="walk" imageset="base">
    <animation direction="down">
      <frame index="0" offsetX="-1" offsetY="-40" delay="75"/>
      <frame index="0" offsetX="-1" offsetY="-41" delay="150"/>
      <frame index="0" offsetX="-1" offsetY="-40" delay="75"/>
      <frame index="0" offsetX="-1" offsetY="-41" delay="150"/>
    </animation>
    <animation direction="left">
      <frame index="1" offsetX="2" offsetY="-40" delay="75"/>
      <frame index="1" offsetX="2" offsetY="-39" delay="75"/>
      <frame index="1" offsetX="2" offsetY="-40" delay="150"/>
      <frame index="1" offsetX="2" offsetY="-39" delay="75"/>
      <frame index="1" offsetX="2" offsetY="-40" delay="75"/>
    </animation>
    <animation direction="up">
      <frame index="2" offsetX="-2" offsetY="-38" delay="75"/>
      <frame index="2" offsetX="-2" offsetY="-39" delay="150"/>
      <frame index="2" offsetX="-2" offsetY="-38" delay="75"/>
      <frame index="2" offsetX="-2" offsetY="-39" delay="150"/>
    </animation>
    <animation direction="right">
      <frame index="3" offsetX="-3" offsetY="-40" delay="75"/>
      <frame index="3" offsetX="-3" offsetY="-39" delay="75"/>
      <frame index="3" offsetX="-3" offsetY="-40" delay="150"/>
      <frame index="3" offsetX="-3" offsetY="-39" delay="75"/>
      <frame index="3" offsetX="-3" offsetY="-40" delay="75"/>
    </animation>
  </action>
  <action name="attack" imageset="base">
    <animation direction="down">
      <frame index="0" offsetX="-1" offsetY="-39" delay="75"/>
      <frame index="0" offsetX="-1" offsetY="-40" delay="75"/>
      <frame index="0" offsetX="-1" offsetY="-37" delay="75"/>
      <frame index="0" offsetX="-1" offsetY="-36" delay="75"/>
      <end/>
    </animation>
    <animation direction="left">
      <frame index="1" offsetX="6" offsetY="-41" delay="75"/>
      <frame index="1" offsetX="6" offsetY="-42" delay="75"/>
      <frame index="1" offsetX="2" offsetY="-39" delay="75"/>
      <frame index="1" offsetX="1" offsetY="-38" delay="75"/>
      <end/>
    </animation>
    <animation direction="up">
      <frame index="2" offsetX="-3" offsetY="-38" delay="225"/>
      <frame index="2" offsetX="-3" offsetY="-36" delay="75"/>
      <end/>
    </animation>
    <animation direction="right">
      <frame index="3" offsetX="-6" offsetY="-41" delay="75"/>
      <frame index="3" offsetX="-6" offsetY="-42" delay="75"/>
      <frame index="3" offsetX="-3" offsetY="-39" delay="75"/>
      <frame index="3" offsetX="-2" offsetY="-38" delay="75"/>
      <end/>
    </animation>
  </action>
  <action name="attack_bow" imageset="base">
    <animation direction="down">
      <frame index="0" offsetX="-1" offsetY="-40" delay="225"/>
      <frame index="0" offsetX="-1" offsetY="-39" delay="75"/>
      <frame index="0" offsetX="-1" offsetY="-40" delay="75"/>
      <end/>
    </animation>
    <animation direction="left">
      <frame index="1" offsetX="5" offsetY="-40" delay="225"/>
      <frame index="1" offsetX="7" offsetY="-41" delay="150"/>
      <end/>
    </animation>
    <animation direction="up">
      <frame index="2" offsetX="-2" offsetY="-38" delay="225"/>
      <frame index="2" offsetX="-3" offsetY="-37" delay="75"/>
      <frame index="2" offsetX="-3" offsetY="-38" delay="75"/>
      <end/>
    </animation>
    <animation direction="right">
      <frame index="3" offsetX="-6" offsetY="-40" delay="225"/>
      <frame index="3" offsetX="-8" offsetY="-41" delay="150"/>
      <end/>
    </animation>
  </action>
  <action name="sit" imageset="base">
    <animation direction="down">
      <frame index="0" offsetX="-1" offsetY="-29"/>
    </animation>
    <animation direction="left">
      <frame index="1" offsetX="6" offsetY="-31"/>
    </animation>
    <animation direction="up">
      <frame index="2" offsetX="-1" offsetY="-30"/>
    </animation>
    <animation direction="right">
      <frame index="3" offsetX="-9" offsetY="-31"/>
    </animation>
  </action>
  <action name="dead" imageset="base">
    <animation direction="default">
      <frame index="1" offsetX="21" offsetY="-4"/>
    </animation>
  </action>
  <action name="attack_2hand" imageset="base">
    <animation direction="down">
      <frame index="0" offsetX="-1" offsetY="-40" delay="140"/>
      <frame index="0" offsetX="-1" offsetY="-36" delay="140"/>
      <frame index="0" offsetX="-1" offsetY="-41" delay="140"/>
      <frame index="0" offsetX="-1" offsetY="-36" delay="140"/>
      <end/>
    </animation>
    <animation direction="left">
      <frame index="1" offsetX="2" offsetY="-39" delay="140"/>
      <frame index="1" offsetX="5" offsetY="-42" delay="140"/>
      <frame index="1" offsetX="7" offsetY="-42" delay="140"/>
      <frame index="1" offsetX="0" offsetY="-38" delay="140"/>
      <end/>
    </animation>
    <animation direction="up">
      <frame index="2" offsetX="-3" offsetY="-38" delay="280"/>
      <frame index="2" offsetX="-3" offsetY="-36" delay="140"/>
      <frame index="2" offsetX="-2" offsetY="-39" delay="140"/>
      <end/>
    </animation>
    <animation direction="right">
      <frame index="3" offsetX="-1" offsetY="-39" delay="140"/>
      <frame index="3" offsetX="-4" offsetY="-42" delay="140"/>
      <frame index="3" offsetX="-6" offsetY="-42" delay="140"/>
      <frame index="3" offsetX="-1" offsetY="-38" delay="140"/>
      <end/>
    </animation>
  </action>
  <action name="attack_sword_stab" imageset="base">
    <animation direction="down">
      <frame index="0" offsetX="-1" offsetY="-39" delay="100"/>
      <frame index="0" offsetX="-1" offsetY="-40" delay="100"/>
      <frame index="0" offsetX="-1" offsetY="-37" delay="100"/>
      <frame index="0" offsetX="-1" offsetY="-36" delay="100"/>
      <end/>
    </animation>
    <animation direction="left">
      <frame index="1" offsetX="6" offsetY="-41" delay="100"/>
      <frame index="1" offsetX="6" offsetY="-42" delay="100"/>
      <frame index="1" offsetX="2" offsetY="-39" delay="100"/>
      <frame index="1" offsetX="1" offsetY="-38" delay="100"/>
      <end/>
    </animation>
    <animation direction="up">
      <frame index="2" offsetX="-3" offsetY="-38" delay="300"/>
      <frame index="2" offsetX="-3" offsetY="-36" delay="100"/>
      <end/>
    </animation>
    <animation direction="right">
      <frame index="3" offsetX="-6" offsetY="-41" delay="100"/>
      <frame index="3" offsetX="-6" offsetY="-42" delay="100"/>
      <frame index="3" offsetX="-3" offsetY="-39" delay="100"/>
      <frame index="3" offsetX="-2" offsetY="-38" delay="100"/>
      <end/>
    </animation>
  </action>
  <action name="attack_spear" imageset="base">
    <animation direction="down">
      <frame index="0" offsetX="-2" offsetY="-42" delay="280"/>
      <frame index="0" offsetX="-2" offsetY="-43" delay="140"/>
      <frame index="0" offsetX="-2" offsetY="-36" delay="140"/>
      <end/>
    </animation>
    <animation direction="left">
      <frame index="1" offsetX="7" offsetY="-41" delay="140"/>
      <frame index="1" offsetX="8" offsetY="-42" delay="140"/>
      <frame index="1" offsetX="3" offsetY="-43" delay="140"/>
      <frame index="1" offsetX="1" offsetY="-38" delay="140"/>
      <end/>
    </animation>
    <animation direction="up">
      <frame index="2" offsetX="-3" offsetY="-38" delay="420"/>
      <frame index="2" offsetX="-4" offsetY="-41" delay="140"/>
      <end/>
    </animation>
    <animation direction="right">
      <frame index="3" offsetX="-6" offsetY="-41" delay="140"/>
      <frame index="3" offsetX="-7" offsetY="-42" delay="140"/>
      <frame index="3" offsetX="-2" offsetY="-43" delay="140"/>
      <frame index="3" offsetX="0" offsetY="-38" delay="140"/>
      <end/>
    </animation>
  </action>
  <action name="attack_chop" imageset="base">
    <animation direction="down">
      <frame index="0" offsetX="-1" offsetY="-39" delay="140"/>
      <frame index="0" offsetX="-2" offsetY="-40" delay="140"/>
      <frame index="0" offsetX="-1" offsetY="-42" delay="140"/>
      <frame index="0" offsetX="-1" offsetY="-37" delay="140"/>
      <end/>
    </animation>
    <animation direction="left">
      <frame index="1" offsetX="6" offsetY="-43" delay="140"/>
      <frame index="1" offsetX="6" offsetY="-42" delay="140"/>
      <frame index="1" offsetX="6" offsetY="-43" delay="140"/>
      <frame index="1" offsetX="1" offsetY="-39" delay="140"/>
      <end/>
    </animation>
    <animation direction="up">
      <frame index="2" offsetX="-3" offsetY="-38" delay="280"/>
      <frame index="2" offsetX="-3" offsetY="-36" delay="280"/>
      <end/>
    </animation>
    <animation direction="right">
      <frame index="3" offsetX="-5" offsetY="-43" delay="140"/>
      <frame index="3" offsetX="-5" offsetY="-42" delay="140"/>
      <frame index="3" offsetX="-4" offsetY="-43" delay="140"/>
      <frame index="3" offsetX="0" offsetY="-39" delay="140"/>
      <end/>
    </animation>
  </action>
</sprite>
