<?xml version="1.0"?>
<sprite>
  <imageset height="15" name="equipment" src="graphics/sprites/equipment/head/rednose.png" width="18"/>
  <action imageset="equipment" name="stand">
    <animation direction="down">
      <frame index="0" offsetX="0" offsetY="-36"/>
    </animation>
    <animation direction="left">
      <frame index="1" offsetX="-2" offsetY="-39"/>
    </animation>
    <animation direction="up">
      <frame index="2" offsetX="-1" offsetY="-41"/>
    </animation>
    <animation direction="right">
      <frame index="3" offsetX="2" offsetY="-39"/>
    </animation>
  </action>
  <action imageset="equipment" name="walk">
    <animation direction="down">
      <frame delay="75" index="0" offsetX="0" offsetY="-35"/>
      <frame delay="150" index="0" offsetX="0" offsetY="-36"/>
      <frame delay="75" index="0" offsetX="0" offsetY="-35"/>
      <frame delay="150" index="0" offsetX="0" offsetY="-36"/>
    </animation>
    <animation direction="left">
      <frame delay="75" index="1" offsetX="-2" offsetY="-39"/>
      <frame delay="75" index="1" offsetX="-2" offsetY="-38"/>
      <frame delay="150" index="1" offsetX="-2" offsetY="-39"/>
      <frame delay="75" index="1" offsetX="-2" offsetY="-38"/>
      <frame delay="75" index="1" offsetX="-2" offsetY="-39"/>
    </animation>
    <animation direction="up">
      <frame delay="75" index="2" offsetX="-1" offsetY="-41"/>
      <frame delay="150" index="2" offsetX="-1" offsetY="-42"/>
      <frame delay="75" index="2" offsetX="-1" offsetY="-41"/>
      <frame delay="150" index="2" offsetX="-1" offsetY="-42"/>
    </animation>
    <animation direction="right">
      <frame delay="75" index="3" offsetX="2" offsetY="-39"/>
      <frame delay="75" index="3" offsetX="2" offsetY="-38"/>
      <frame delay="150" index="3" offsetX="2" offsetY="-39"/>
      <frame delay="75" index="3" offsetX="2" offsetY="-38"/>
      <frame delay="75" index="3" offsetX="2" offsetY="-39"/>
    </animation>
  </action>
  <action imageset="equipment" name="attack">
    <animation direction="down">
      <frame delay="75" index="0" offsetX="0" offsetY="-34"/>
      <frame delay="75" index="0" offsetX="0" offsetY="-35"/>
      <frame delay="75" index="0" offsetX="0" offsetY="-32"/>
      <frame delay="75" index="0" offsetX="0" offsetY="-31"/>
      <end/>
    </animation>
    <animation direction="left">
      <frame delay="75" index="1" offsetX="2" offsetY="-40"/>
      <frame delay="75" index="1" offsetX="2" offsetY="-41"/>
      <frame delay="75" index="1" offsetX="-1" offsetY="-38"/>
      <frame delay="75" index="1" offsetX="-3" offsetY="-37"/>
      <end/>
    </animation>
    <animation direction="up">
      <frame delay="225" index="2" offsetX="-2" offsetY="-41"/>
      <frame delay="75" index="2" offsetX="-2" offsetY="-39"/>
      <end/>
    </animation>
    <animation direction="right">
      <frame delay="75" index="3" offsetX="-1" offsetY="-40"/>
      <frame delay="75" index="3" offsetX="-1" offsetY="-41"/>
      <frame delay="75" index="3" offsetX="2" offsetY="-38"/>
      <frame delay="75" index="3" offsetX="3" offsetY="-37"/>
      <end/>
    </animation>
  </action>
  <action imageset="equipment" name="attack_bow">
    <animation direction="down">
      <frame delay="225" index="0" offsetX="0" offsetY="-35"/>
      <frame delay="75" index="0" offsetX="0" offsetY="-34"/>
      <frame delay="75" index="0" offsetX="0" offsetY="-35"/>
      <end/>
    </animation>
    <animation direction="left">
      <frame delay="225" index="1" offsetX="1" offsetY="-38"/>
      <frame delay="150" index="1" offsetX="3" offsetY="-40"/>
      <end/>
    </animation>
    <animation direction="up">
      <frame delay="150" index="2" offsetX="-1" offsetY="-41"/>
      <frame delay="75" index="2" offsetX="-2" offsetY="-41"/>
      <frame delay="75" index="2" offsetX="-2" offsetY="-40"/>
      <frame delay="75" index="2" offsetX="-2" offsetY="-41"/>
      <end/>
    </animation>
    <animation direction="right">
      <frame delay="225" index="3" offsetX="-1" offsetY="-38"/>
      <frame delay="150" index="3" offsetX="-3" offsetY="-40"/>
      <end/>
    </animation>
  </action>
  <action imageset="equipment" name="sit">
    <animation direction="down">
      <frame index="0" offsetX="0" offsetY="-24"/>
    </animation>
    <animation direction="left">
      <frame index="1" offsetX="2" offsetY="-30"/>
    </animation>
    <animation direction="up">
      <frame index="2" offsetX="0" offsetY="-33"/>
    </animation>
    <animation direction="right">
      <frame index="3" offsetX="-4" offsetY="-30"/>
    </animation>
  </action>
  <action imageset="equipment" name="dead">
    <animation direction="default">
      <frame index="4" offsetX="16" offsetY="-18"/>
    </animation>
  </action>
  <action name="attack_2hand" imageset="equipment">
    <animation direction="down">
      <frame index="0" offsetX="-1" offsetY="-33" delay="140"/>
      <frame index="0" offsetX="-1" offsetY="-30" delay="140"/>
      <frame index="0" offsetX="-1" offsetY="-35" delay="140"/>
      <frame index="0" offsetX="-1" offsetY="-29" delay="140"/>
      <end/>
    </animation>
    <animation direction="left">
      <frame index="1" offsetX="-3" offsetY="-36" delay="140"/>
      <frame index="1" offsetX="0" offsetY="-39" delay="140"/>
      <frame index="1" offsetX="3" offsetY="-39" delay="140"/>
      <frame index="1" offsetX="-5" offsetY="-35" delay="140"/>
      <end/>
    </animation>
    <animation direction="up">
      <frame index="2" offsetX="-3" offsetY="-40" delay="280"/>
      <frame index="2" offsetX="-3" offsetY="-38" delay="140"/>
      <frame index="2" offsetX="-2" offsetY="-41" delay="140"/>
      <end/>
    </animation>
    <animation direction="right">
      <frame index="3" offsetX="4" offsetY="-36" delay="140"/>
      <frame index="3" offsetX="1" offsetY="-39" delay="140"/>
      <frame index="3" offsetX="-1" offsetY="-39" delay="140"/>
      <frame index="3" offsetX="5" offsetY="-35" delay="140"/>
      <end/>
    </animation>
  </action>
  <action name="attack_sword_stab" imageset="equipment">
    <animation direction="down">
      <frame index="0" offsetX="0" offsetY="-34" delay="100"/>
      <frame index="0" offsetX="0" offsetY="-35" delay="100"/>
      <frame index="0" offsetX="0" offsetY="-32" delay="100"/>
      <frame index="0" offsetX="0" offsetY="-31" delay="100"/>
      <end/>
    </animation>
    <animation direction="left">
      <frame index="1" offsetX="2" offsetY="-40" delay="100"/>
      <frame index="1" offsetX="2" offsetY="-41" delay="100"/>
      <frame index="1" offsetX="-1" offsetY="-38" delay="100"/>
      <frame index="1" offsetX="-3" offsetY="-37" delay="100"/>
      <end/>
    </animation>
    <animation direction="up">
      <frame index="2" offsetX="-2" offsetY="-41" delay="300"/>
      <frame index="2" offsetX="-2" offsetY="-39" delay="100"/>
      <end/>
    </animation>
    <animation direction="right">
      <frame index="3" offsetX="-1" offsetY="-40" delay="100"/>
      <frame index="3" offsetX="-1" offsetY="-41" delay="100"/>
      <frame index="3" offsetX="2" offsetY="-38" delay="100"/>
      <frame index="3" offsetX="3" offsetY="-37" delay="100"/>
      <end/>
    </animation>
  </action>
  <action name="attack_spear" imageset="equipment">
    <animation direction="down">
      <frame index="0" offsetX="-2" offsetY="-36" delay="280"/>
      <frame index="0" offsetX="-2" offsetY="-37" delay="140"/>
      <frame index="0" offsetX="-2" offsetY="-31" delay="140"/>
      <end/>
    </animation>
    <animation direction="left">
      <frame index="1" offsetX="2" offsetY="-40" delay="140"/>
      <frame index="1" offsetX="5" offsetY="-38" delay="140"/>
      <frame index="1" offsetX="-1" offsetY="-40" delay="140"/>
      <frame index="1" offsetX="-2" offsetY="-37" delay="140"/>
      <end/>
    </animation>
    <animation direction="up">
      <frame index="2" offsetX="-4" offsetY="-41" delay="140"/>
      <frame index="2" offsetX="-3" offsetY="-41" delay="140"/>
      <frame index="2" offsetX="-3" offsetY="-40" delay="140"/>
      <frame index="2" offsetX="-4" offsetY="-45" delay="140"/>
      <end/>
    </animation>
    <animation direction="right">
      <frame index="3" offsetX="-1" offsetY="-40" delay="140"/>
      <frame index="3" offsetX="-3" offsetY="-38" delay="140"/>
      <frame index="3" offsetX="3" offsetY="-40" delay="140"/>
      <frame index="3" offsetX="4" offsetY="-37" delay="140"/>
      <end/>
    </animation>
  </action>
  <action name="attack_chop" imageset="equipment">
    <animation direction="down">
      <frame index="0" offsetX="-1" offsetY="-33" delay="280"/>
      <frame index="0" offsetX="-1" offsetY="-35" delay="140"/>
      <frame index="0" offsetX="-1" offsetY="-29" delay="140"/>
      <end/>
    </animation>
    <animation direction="left">
      <frame index="1" offsetX="1" offsetY="-40" delay="140"/>
      <frame index="1" offsetX="1" offsetY="-41" delay="140"/>
      <frame index="1" offsetX="2" offsetY="-41" delay="140"/>
      <frame index="1" offsetX="-4" offsetY="-37" delay="140"/>
      <end/>
    </animation>
    <animation direction="up">
      <frame index="2" offsetX="-3" offsetY="-40" delay="140"/>
      <frame index="2" offsetX="-3" offsetY="-39" delay="280"/>
      <frame index="2" offsetX="-3" offsetY="-38" delay="140"/>
      <end/>
    </animation>
    <animation direction="right">
      <frame index="3" offsetX="-1" offsetY="-40" delay="140"/>
      <frame index="3" offsetX="0" offsetY="-41" delay="280"/>
      <frame index="3" offsetX="5" offsetY="-37" delay="140"/>
      <end/>
    </animation>
  </action>
</sprite>
