<?xml version="1.0"?>
<sprite>
  <imageset name="equipment" src="graphics/sprites/equipment/head/rosehat.png|R" width="16" height="12"/>
  <action name="stand" imageset="equipment">
    <animation direction="down">
      <frame index="0" offsetX="-4" offsetY="-50"/>
    </animation>
    <animation direction="left">
      <frame index="1" offsetX="-6" offsetY="-50"/>
    </animation>
    <animation direction="up">
      <frame index="2" offsetX="5" offsetY="-49"/>
    </animation>
    <animation direction="right">
      <frame index="3" offsetX="4" offsetY="-48"/>
    </animation>
  </action>
  <action name="walk" imageset="equipment">
    <animation direction="down">
      <frame index="0" offsetX="-4" offsetY="-49" delay="75"/>
      <frame index="0" offsetX="-4" offsetY="-50" delay="150"/>
      <frame index="0" offsetX="-4" offsetY="-49" delay="75"/>
      <frame index="0" offsetX="-4" offsetY="-50" delay="150"/>
    </animation>
    <animation direction="left">
      <frame index="1" offsetX="-6" offsetY="-50" delay="75"/>
      <frame index="1" offsetX="-6" offsetY="-49" delay="75"/>
      <frame index="1" offsetX="-6" offsetY="-50" delay="150"/>
      <frame index="1" offsetX="-6" offsetY="-49" delay="75"/>
      <frame index="1" offsetX="-6" offsetY="-50" delay="75"/>
    </animation>
    <animation direction="up">
      <frame index="2" offsetX="5" offsetY="-49" delay="75"/>
      <frame index="2" offsetX="5" offsetY="-50" delay="150"/>
      <frame index="2" offsetX="5" offsetY="-49" delay="75"/>
      <frame index="2" offsetX="5" offsetY="-50" delay="150"/>
    </animation>
    <animation direction="right">
      <frame index="3" offsetX="4" offsetY="-48" delay="75"/>
      <frame index="3" offsetX="4" offsetY="-47" delay="75"/>
      <frame index="3" offsetX="4" offsetY="-48" delay="150"/>
      <frame index="3" offsetX="4" offsetY="-47" delay="75"/>
      <frame index="3" offsetX="4" offsetY="-48" delay="75"/>
    </animation>
  </action>
  <action name="attack" imageset="equipment">
    <animation direction="down">
      <frame index="0" offsetX="-4" offsetY="-48" delay="75"/>
      <frame index="0" offsetX="-4" offsetY="-49" delay="75"/>
      <frame index="0" offsetX="-4" offsetY="-46" delay="75"/>
      <frame index="0" offsetX="-4" offsetY="-45" delay="75"/>
      <end/>
    </animation>
    <animation direction="left">
      <frame index="1" offsetX="-2" offsetY="-51" delay="75"/>
      <frame index="1" offsetX="-2" offsetY="-52" delay="75"/>
      <frame index="1" offsetX="-6" offsetY="-49" delay="75"/>
      <frame index="1" offsetX="-7" offsetY="-48" delay="75"/>
      <end/>
    </animation>
    <animation direction="up">
      <frame index="2" offsetX="4" offsetY="-49" delay="225"/>
      <frame index="2" offsetX="4" offsetY="-47" delay="75"/>
      <end/>
    </animation>
    <animation direction="right">
      <frame index="3" offsetX="1" offsetY="-49" delay="75"/>
      <frame index="3" offsetX="1" offsetY="-50" delay="75"/>
      <frame index="3" offsetX="4" offsetY="-48" delay="75"/>
      <frame index="3" offsetX="5" offsetY="-47" delay="75"/>
      <end/>
    </animation>
  </action>
  <action name="attack_bow" imageset="equipment">
    <animation direction="down">
      <frame index="0" offsetX="-4" offsetY="-49" delay="225"/>
      <frame index="0" offsetX="-4" offsetY="-48" delay="75"/>
      <frame index="0" offsetX="-4" offsetY="-49" delay="75"/>
      <end/>
    </animation>
    <animation direction="left">
      <frame index="1" offsetX="-3" offsetY="-50" delay="225"/>
      <frame index="1" offsetX="-1" offsetY="-51" delay="150"/>
      <end/>
    </animation>
    <animation direction="up">
      <frame index="2" offsetX="5" offsetY="-49" delay="225"/>
      <frame index="2" offsetX="4" offsetY="-48" delay="75"/>
      <frame index="2" offsetX="4" offsetY="-49" delay="75"/>
      <end/>
    </animation>
    <animation direction="right">
      <frame index="3" offsetX="1" offsetY="-48" delay="225"/>
      <frame index="3" offsetX="-1" offsetY="-49" delay="150"/>
      <end/>
    </animation>
  </action>
  <action name="sit" imageset="equipment">
    <animation direction="down">
      <frame index="0" offsetX="-4" offsetY="-38"/>
    </animation>
    <animation direction="left">
      <frame index="1" offsetX="-2" offsetY="-41"/>
    </animation>
    <animation direction="up">
      <frame index="2" offsetX="6" offsetY="-41"/>
    </animation>
    <animation direction="right">
      <frame index="3" offsetX="-2" offsetY="-39"/>
    </animation>
  </action>
  <action name="dead" imageset="equipment">
    <animation direction="default">
      <frame index="4" offsetX="35" offsetY="-10"/>
    </animation>
  </action>
  <action name="attack_2hand" imageset="equipment">
    <animation direction="down">
      <frame index="0" offsetX="-4" offsetY="-49" delay="140"/>
      <frame index="0" offsetX="-4" offsetY="-45" delay="140"/>
      <frame index="0" offsetX="-4" offsetY="-50" delay="140"/>
      <frame index="0" offsetX="-4" offsetY="-45" delay="140"/>
      <end/>
    </animation>
    <animation direction="left">
      <frame index="1" offsetX="-6" offsetY="-49" delay="140"/>
      <frame index="1" offsetX="-3" offsetY="-52" delay="140"/>
      <frame index="1" offsetX="-1" offsetY="-52" delay="140"/>
      <frame index="1" offsetX="-8" offsetY="-48" delay="140"/>
      <end/>
    </animation>
    <animation direction="up">
      <frame index="2" offsetX="4" offsetY="-49" delay="280"/>
      <frame index="2" offsetX="4" offsetY="-47" delay="140"/>
      <frame index="2" offsetX="5" offsetY="-50" delay="140"/>
      <end/>
    </animation>
    <animation direction="right">
      <frame index="3" offsetX="6" offsetY="-47" delay="140"/>
      <frame index="3" offsetX="3" offsetY="-50" delay="140"/>
      <frame index="3" offsetX="1" offsetY="-51" delay="140"/>
      <frame index="3" offsetX="6" offsetY="-47" delay="140"/>
      <end/>
    </animation>
  </action>
  <action name="attack_sword_stab" imageset="equipment">
    <animation direction="down">
      <frame index="0" offsetX="-4" offsetY="-48" delay="100"/>
      <frame index="0" offsetX="-4" offsetY="-49" delay="100"/>
      <frame index="0" offsetX="-4" offsetY="-46" delay="100"/>
      <frame index="0" offsetX="-4" offsetY="-45" delay="100"/>
      <end/>
    </animation>
    <animation direction="left">
      <frame index="1" offsetX="-2" offsetY="-51" delay="100"/>
      <frame index="1" offsetX="-2" offsetY="-52" delay="100"/>
      <frame index="1" offsetX="-6" offsetY="-49" delay="100"/>
      <frame index="1" offsetX="-7" offsetY="-48" delay="100"/>
      <end/>
    </animation>
    <animation direction="up">
      <frame index="2" offsetX="4" offsetY="-49" delay="300"/>
      <frame index="2" offsetX="4" offsetY="-47" delay="100"/>
      <end/>
    </animation>
    <animation direction="right">
      <frame index="3" offsetX="1" offsetY="-49" delay="100"/>
      <frame index="3" offsetX="1" offsetY="-50" delay="100"/>
      <frame index="3" offsetX="4" offsetY="-48" delay="100"/>
      <frame index="3" offsetX="5" offsetY="-47" delay="100"/>
      <end/>
    </animation>
  </action>
  <action name="attack_spear" imageset="equipment">
    <animation direction="down">
      <frame index="0" offsetX="-5" offsetY="-51" delay="280"/>
      <frame index="0" offsetX="-5" offsetY="-52" delay="140"/>
      <frame index="0" offsetX="-5" offsetY="-45" delay="140"/>
      <end/>
    </animation>
    <animation direction="left">
      <frame index="1" offsetX="-1" offsetY="-51" delay="140"/>
      <frame index="1" offsetX="0" offsetY="-52" delay="140"/>
      <frame index="1" offsetX="-5" offsetY="-53" delay="140"/>
      <frame index="1" offsetX="-7" offsetY="-48" delay="140"/>
      <end/>
    </animation>
    <animation direction="up">
      <frame index="2" offsetX="4" offsetY="-49" delay="420"/>
      <frame index="2" offsetX="3" offsetY="-52" delay="140"/>
      <end/>
    </animation>
    <animation direction="right">
      <frame index="3" offsetX="1" offsetY="-49" delay="140"/>
      <frame index="3" offsetX="0" offsetY="-50" delay="140"/>
      <frame index="3" offsetX="5" offsetY="-52" delay="140"/>
      <frame index="3" offsetX="7" offsetY="-47" delay="140"/>
      <end/>
    </animation>
  </action>
  <action name="attack_chop" imageset="equipment">
    <animation direction="down">
      <frame index="0" offsetX="-4" offsetY="-48" delay="140"/>
      <frame index="0" offsetX="-5" offsetY="-49" delay="140"/>
      <frame index="0" offsetX="-4" offsetY="-51" delay="140"/>
      <frame index="0" offsetX="-4" offsetY="-46" delay="140"/>
      <end/>
    </animation>
    <animation direction="left">
      <frame index="1" offsetX="-2" offsetY="-53" delay="140"/>
      <frame index="1" offsetX="-2" offsetY="-52" delay="140"/>
      <frame index="1" offsetX="-2" offsetY="-53" delay="140"/>
      <frame index="1" offsetX="-7" offsetY="-49" delay="140"/>
      <end/>
    </animation>
    <animation direction="up">
      <frame index="2" offsetX="4" offsetY="-49" delay="280"/>
      <frame index="2" offsetX="4" offsetY="-47" delay="280"/>
      <end/>
    </animation>
    <animation direction="right">
      <frame index="3" offsetX="2" offsetY="-51" delay="140"/>
      <frame index="3" offsetX="2" offsetY="-50" delay="140"/>
      <frame index="3" offsetX="3" offsetY="-52" delay="140"/>
      <frame index="3" offsetX="7" offsetY="-48" delay="140"/>
      <end/>
    </animation>
  </action>
</sprite>
