<?xml version="1.0"?>
<sprite>
  <imageset height="12" name="equipment" src="graphics/sprites/equipment/head/rosehat.png|R" width="16"/>
  <action imageset="equipment" name="stand">
    <animation direction="down">
      <frame index="0" offsetX="-4" offsetY="-50"/>
    </animation>
    <animation direction="left">
      <frame index="1" offsetX="-6" offsetY="-50"/>
    </animation>
    <animation direction="up">
      <frame index="2" offsetX="5" offsetY="-49"/>
    </animation>
    <animation direction="right">
      <frame index="3" offsetX="4" offsetY="-48"/>
    </animation>
  </action>
  <action imageset="equipment" name="walk">
    <animation direction="down">
      <frame delay="75" index="0" offsetX="-4" offsetY="-49"/>
      <frame delay="150" index="0" offsetX="-4" offsetY="-50"/>
      <frame delay="75" index="0" offsetX="-4" offsetY="-49"/>
      <frame delay="150" index="0" offsetX="-4" offsetY="-50"/>
    </animation>
    <animation direction="left">
      <frame delay="75" index="1" offsetX="-6" offsetY="-50"/>
      <frame delay="75" index="1" offsetX="-6" offsetY="-49"/>
      <frame delay="150" index="1" offsetX="-6" offsetY="-50"/>
      <frame delay="75" index="1" offsetX="-6" offsetY="-49"/>
      <frame delay="75" index="1" offsetX="-6" offsetY="-50"/>
    </animation>
    <animation direction="up">
      <frame delay="75" index="2" offsetX="5" offsetY="-49"/>
      <frame delay="150" index="2" offsetX="5" offsetY="-50"/>
      <frame delay="75" index="2" offsetX="5" offsetY="-49"/>
      <frame delay="150" index="2" offsetX="5" offsetY="-50"/>
    </animation>
    <animation direction="right">
      <frame delay="75" index="3" offsetX="4" offsetY="-48"/>
      <frame delay="75" index="3" offsetX="4" offsetY="-47"/>
      <frame delay="150" index="3" offsetX="4" offsetY="-48"/>
      <frame delay="75" index="3" offsetX="4" offsetY="-47"/>
      <frame delay="75" index="3" offsetX="4" offsetY="-48"/>
    </animation>
  </action>
  <action imageset="equipment" name="attack">
    <animation direction="down">
      <frame delay="75" index="0" offsetX="-4" offsetY="-48"/>
      <frame delay="75" index="0" offsetX="-4" offsetY="-49"/>
      <frame delay="75" index="0" offsetX="-4" offsetY="-46"/>
      <frame delay="75" index="0" offsetX="-4" offsetY="-45"/>
      <end/>
    </animation>
    <animation direction="left">
      <frame delay="75" index="1" offsetX="-2" offsetY="-51"/>
      <frame delay="75" index="1" offsetX="-2" offsetY="-52"/>
      <frame delay="75" index="1" offsetX="-6" offsetY="-49"/>
      <frame delay="75" index="1" offsetX="-7" offsetY="-48"/>
      <end/>
    </animation>
    <animation direction="up">
      <frame delay="225" index="2" offsetX="4" offsetY="-49"/>
      <frame delay="75" index="2" offsetX="4" offsetY="-47"/>
      <end/>
    </animation>
    <animation direction="right">
      <frame delay="75" index="3" offsetX="1" offsetY="-49"/>
      <frame delay="75" index="3" offsetX="1" offsetY="-50"/>
      <frame delay="75" index="3" offsetX="4" offsetY="-48"/>
      <frame delay="75" index="3" offsetX="5" offsetY="-47"/>
      <end/>
    </animation>
  </action>
  <action imageset="equipment" name="attack_bow">
    <animation direction="down">
      <frame delay="225" index="0" offsetX="-4" offsetY="-49"/>
      <frame delay="75" index="0" offsetX="-4" offsetY="-48"/>
      <frame delay="75" index="0" offsetX="-4" offsetY="-49"/>
      <end/>
    </animation>
    <animation direction="left">
      <frame delay="225" index="1" offsetX="-3" offsetY="-50"/>
      <frame delay="150" index="1" offsetX="-1" offsetY="-51"/>
      <end/>
    </animation>
    <animation direction="up">
      <frame delay="225" index="2" offsetX="5" offsetY="-49"/>
      <frame delay="75" index="2" offsetX="4" offsetY="-48"/>
      <frame delay="75" index="2" offsetX="4" offsetY="-49"/>
      <end/>
    </animation>
    <animation direction="right">
      <frame delay="225" index="3" offsetX="1" offsetY="-48"/>
      <frame delay="150" index="3" offsetX="-1" offsetY="-49"/>
      <end/>
    </animation>
  </action>
  <action imageset="equipment" name="sit">
    <animation direction="down">
      <frame index="0" offsetX="-4" offsetY="-38"/>
    </animation>
    <animation direction="left">
      <frame index="1" offsetX="-2" offsetY="-41"/>
    </animation>
    <animation direction="up">
      <frame index="2" offsetX="6" offsetY="-41"/>
    </animation>
    <animation direction="right">
      <frame index="3" offsetX="-2" offsetY="-39"/>
    </animation>
  </action>
  <action imageset="equipment" name="dead">
    <animation direction="default">
      <frame index="4" offsetX="35" offsetY="-10"/>
    </animation>
  </action>
  <action name="attack_2hand" imageset="equipment">
    <animation direction="down">
      <frame index="0" offsetX="-5" offsetY="-47" delay="140"/>
      <frame index="0" offsetX="-5" offsetY="-44" delay="140"/>
      <frame index="0" offsetX="-5" offsetY="-49" delay="140"/>
      <frame index="0" offsetX="-5" offsetY="-43" delay="140"/>
      <end/>
    </animation>
    <animation direction="left">
      <frame index="1" offsetX="-7" offsetY="-47" delay="140"/>
      <frame index="1" offsetX="-4" offsetY="-50" delay="140"/>
      <frame index="1" offsetX="-2" offsetY="-50" delay="140"/>
      <frame index="1" offsetX="-9" offsetY="-46" delay="140"/>
      <end/>
    </animation>
    <animation direction="up">
      <frame index="2" offsetX="3" offsetY="-48" delay="280"/>
      <frame index="2" offsetX="3" offsetY="-46" delay="140"/>
      <frame index="2" offsetX="4" offsetY="-49" delay="140"/>
      <end/>
    </animation>
    <animation direction="right">
      <frame index="3" offsetX="6" offsetY="-45" delay="140"/>
      <frame index="3" offsetX="3" offsetY="-48" delay="140"/>
      <frame index="3" offsetX="1" offsetY="-49" delay="140"/>
      <frame index="3" offsetX="7" offsetY="-45" delay="140"/>
      <end/>
    </animation>
  </action>
  <action name="attack_sword_stab" imageset="equipment">
    <animation direction="down">
      <frame index="0" offsetX="-4" offsetY="-48" delay="100"/>
      <frame index="0" offsetX="-4" offsetY="-49" delay="100"/>
      <frame index="0" offsetX="-4" offsetY="-46" delay="100"/>
      <frame index="0" offsetX="-4" offsetY="-45" delay="100"/>
      <end/>
    </animation>
    <animation direction="left">
      <frame index="1" offsetX="-2" offsetY="-51" delay="100"/>
      <frame index="1" offsetX="-2" offsetY="-52" delay="100"/>
      <frame index="1" offsetX="-6" offsetY="-49" delay="100"/>
      <frame index="1" offsetX="-7" offsetY="-48" delay="100"/>
      <end/>
    </animation>
    <animation direction="up">
      <frame index="2" offsetX="4" offsetY="-49" delay="300"/>
      <frame index="2" offsetX="4" offsetY="-47" delay="100"/>
      <end/>
    </animation>
    <animation direction="right">
      <frame index="3" offsetX="1" offsetY="-49" delay="100"/>
      <frame index="3" offsetX="1" offsetY="-50" delay="100"/>
      <frame index="3" offsetX="4" offsetY="-48" delay="100"/>
      <frame index="3" offsetX="5" offsetY="-47" delay="100"/>
      <end/>
    </animation>
  </action>
  <action name="attack_spear" imageset="equipment">
    <animation direction="down">
      <frame index="0" offsetX="-6" offsetY="-50" delay="280"/>
      <frame index="0" offsetX="-6" offsetY="-51" delay="140"/>
      <frame index="0" offsetX="-6" offsetY="-45" delay="140"/>
      <end/>
    </animation>
    <animation direction="left">
      <frame index="1" offsetX="-2" offsetY="-51" delay="140"/>
      <frame index="1" offsetX="1" offsetY="-49" delay="140"/>
      <frame index="1" offsetX="-6" offsetY="-51" delay="140"/>
      <frame index="1" offsetX="-6" offsetY="-48" delay="140"/>
      <end/>
    </animation>
    <animation direction="up">
      <frame index="2" offsetX="2" offsetY="-49" delay="140"/>
      <frame index="2" offsetX="3" offsetY="-49" delay="140"/>
      <frame index="2" offsetX="3" offsetY="-48" delay="140"/>
      <frame index="2" offsetX="2" offsetY="-53" delay="140"/>
      <end/>
    </animation>
    <animation direction="right">
      <frame index="3" offsetX="1" offsetY="-49" delay="140"/>
      <frame index="3" offsetX="-1" offsetY="-47" delay="140"/>
      <frame index="3" offsetX="5" offsetY="-50" delay="140"/>
      <frame index="3" offsetX="6" offsetY="-47" delay="140"/>
      <end/>
    </animation>
  </action>
  <action name="attack_chop" imageset="equipment">
    <animation direction="down">
      <frame index="0" offsetX="-5" offsetY="-47" delay="280"/>
      <frame index="0" offsetX="-5" offsetY="-49" delay="140"/>
      <frame index="0" offsetX="-5" offsetY="-43" delay="140"/>
      <end/>
    </animation>
    <animation direction="left">
      <frame index="1" offsetX="-3" offsetY="-51" delay="140"/>
      <frame index="1" offsetX="-3" offsetY="-52" delay="280"/>
      <frame index="1" offsetX="-8" offsetY="-48" delay="140"/>
      <end/>
    </animation>
    <animation direction="up">
      <frame index="2" offsetX="3" offsetY="-48" delay="140"/>
      <frame index="2" offsetX="3" offsetY="-47" delay="280"/>
      <frame index="2" offsetX="3" offsetY="-46" delay="140"/>
      <end/>
    </animation>
    <animation direction="right">
      <frame index="3" offsetX="1" offsetY="-49" delay="140"/>
      <frame index="3" offsetX="2" offsetY="-50" delay="140"/>
      <frame index="3" offsetX="2" offsetY="-51" delay="140"/>
      <frame index="3" offsetX="7" offsetY="-47" delay="140"/>
      <end/>
    </animation>
  </action>
</sprite>
