<?xml version="1.0"?>
<sprite>
  <imageset height="15" name="base" src="graphics/sprites/equipment/head/thin-crown.png|W;R;G" width="21"/>
  <action imageset="base" name="stand">
    <animation direction="down">
      <frame index="0" offsetX="-1" offsetY="-49"/>
    </animation>
    <animation direction="left">
      <frame index="1" offsetX="0" offsetY="-49"/>
    </animation>
    <animation direction="up">
      <frame index="2" offsetX="-2" offsetY="-49"/>
    </animation>
    <animation direction="right">
      <frame index="3" offsetX="-1" offsetY="-49"/>
    </animation>
  </action>
  <action imageset="base" name="walk">
    <animation direction="down">
      <frame delay="75" index="0" offsetX="-1" offsetY="-48"/>
      <frame delay="150" index="0" offsetX="-1" offsetY="-49"/>
      <frame delay="75" index="0" offsetX="-1" offsetY="-48"/>
      <frame delay="150" index="0" offsetX="-1" offsetY="-49"/>
    </animation>
    <animation direction="left">
      <frame delay="75" index="1" offsetX="0" offsetY="-49"/>
      <frame delay="75" index="1" offsetX="0" offsetY="-48"/>
      <frame delay="150" index="1" offsetX="0" offsetY="-49"/>
      <frame delay="75" index="1" offsetX="0" offsetY="-48"/>
      <frame delay="75" index="1" offsetX="0" offsetY="-49"/>
    </animation>
    <animation direction="up">
      <frame delay="75" index="2" offsetX="-2" offsetY="-49"/>
      <frame delay="150" index="2" offsetX="-2" offsetY="-50"/>
      <frame delay="75" index="2" offsetX="-2" offsetY="-49"/>
      <frame delay="150" index="2" offsetX="-2" offsetY="-50"/>
    </animation>
    <animation direction="right">
      <frame delay="75" index="3" offsetX="-1" offsetY="-49"/>
      <frame delay="75" index="3" offsetX="-1" offsetY="-48"/>
      <frame delay="150" index="3" offsetX="-1" offsetY="-49"/>
      <frame delay="75" index="3" offsetX="-1" offsetY="-48"/>
      <frame delay="75" index="3" offsetX="-1" offsetY="-49"/>
    </animation>
  </action>
  <action imageset="base" name="attack">
    <animation direction="down">
      <frame delay="75" index="0" offsetX="-1" offsetY="-47"/>
      <frame delay="75" index="0" offsetX="-1" offsetY="-48"/>
      <frame delay="75" index="0" offsetX="-1" offsetY="-45"/>
      <frame delay="75" index="0" offsetX="-1" offsetY="-44"/>
      <end/>
    </animation>
    <animation direction="left">
      <frame delay="75" index="1" offsetX="4" offsetY="-50"/>
      <frame delay="75" index="1" offsetX="4" offsetY="-51"/>
      <frame delay="75" index="1" offsetX="0" offsetY="-48"/>
      <frame delay="75" index="1" offsetX="-1" offsetY="-47"/>
      <end/>
    </animation>
    <animation direction="up">
      <frame delay="225" index="2" offsetX="-3" offsetY="-49"/>
      <frame delay="75" index="2" offsetX="-3" offsetY="-47"/>
      <end/>
    </animation>
    <animation direction="right">
      <frame delay="75" index="3" offsetX="-4" offsetY="-50"/>
      <frame delay="75" index="3" offsetX="-4" offsetY="-51"/>
      <frame delay="75" index="3" offsetX="-1" offsetY="-48"/>
      <frame delay="75" index="3" offsetX="0" offsetY="-47"/>
      <end/>
    </animation>
  </action>
  <action imageset="base" name="attack_bow">
    <animation direction="down">
      <frame delay="225" index="0" offsetX="-1" offsetY="-48"/>
      <frame delay="75" index="0" offsetX="-1" offsetY="-47"/>
      <frame delay="75" index="0" offsetX="-1" offsetY="-48"/>
      <end/>
    </animation>
    <animation direction="left">
      <frame delay="225" index="1" offsetX="3" offsetY="-49"/>
      <frame delay="150" index="1" offsetX="5" offsetY="-50"/>
      <end/>
    </animation>
    <animation direction="up">
      <frame delay="225" index="2" offsetX="-2" offsetY="-49"/>
      <frame delay="75" index="2" offsetX="-3" offsetY="-48"/>
      <frame delay="75" index="2" offsetX="-3" offsetY="-49"/>
      <end/>
    </animation>
    <animation direction="right">
      <frame delay="225" index="3" offsetX="-4" offsetY="-49"/>
      <frame delay="150" index="3" offsetX="-6" offsetY="-50"/>
      <end/>
    </animation>
  </action>
  <action imageset="base" name="sit">
    <animation direction="down">
      <frame index="0" offsetX="-1" offsetY="-37"/>
    </animation>
    <animation direction="left">
      <frame index="1" offsetX="4" offsetY="-40"/>
    </animation>
    <animation direction="up">
      <frame index="2" offsetX="-1" offsetY="-41"/>
    </animation>
    <animation direction="right">
      <frame index="3" offsetX="-7" offsetY="-40"/>
    </animation>
  </action>
  <action imageset="base" name="dead">
    <animation direction="default">
      <frame index="0" offsetX="40" offsetY="-10"/>
    </animation>
  </action>
  <action name="attack_2hand" imageset="base">
    <animation direction="down">
      <frame index="0" offsetX="-2" offsetY="-46" delay="140"/>
      <frame index="0" offsetX="-2" offsetY="-43" delay="140"/>
      <frame index="0" offsetX="-2" offsetY="-48" delay="140"/>
      <frame index="0" offsetX="-2" offsetY="-42" delay="140"/>
      <end/>
    </animation>
    <animation direction="left">
      <frame index="1" offsetX="-1" offsetY="-46" delay="140"/>
      <frame index="1" offsetX="2" offsetY="-49" delay="140"/>
      <frame index="1" offsetX="4" offsetY="-49" delay="140"/>
      <frame index="1" offsetX="-3" offsetY="-45" delay="140"/>
      <end/>
    </animation>
    <animation direction="up">
      <frame index="2" offsetX="-4" offsetY="-48" delay="280"/>
      <frame index="2" offsetX="-4" offsetY="-46" delay="140"/>
      <frame index="2" offsetX="-3" offsetY="-49" delay="140"/>
      <end/>
    </animation>
    <animation direction="right">
      <frame index="3" offsetX="1" offsetY="-46" delay="140"/>
      <frame index="3" offsetX="-2" offsetY="-49" delay="140"/>
      <frame index="3" offsetX="-4" offsetY="-49" delay="140"/>
      <frame index="3" offsetX="2" offsetY="-45" delay="140"/>
      <end/>
    </animation>
  </action>
  <action name="attack_sword_stab" imageset="base">
    <animation direction="down">
      <frame index="0" offsetX="-1" offsetY="-47" delay="100"/>
      <frame index="0" offsetX="-1" offsetY="-48" delay="100"/>
      <frame index="0" offsetX="-1" offsetY="-45" delay="100"/>
      <frame index="0" offsetX="-1" offsetY="-44" delay="100"/>
      <end/>
    </animation>
    <animation direction="left">
      <frame index="1" offsetX="4" offsetY="-50" delay="100"/>
      <frame index="1" offsetX="4" offsetY="-51" delay="100"/>
      <frame index="1" offsetX="0" offsetY="-48" delay="100"/>
      <frame index="1" offsetX="-1" offsetY="-47" delay="100"/>
      <end/>
    </animation>
    <animation direction="up">
      <frame index="2" offsetX="-3" offsetY="-49" delay="300"/>
      <frame index="2" offsetX="-3" offsetY="-47" delay="100"/>
      <end/>
    </animation>
    <animation direction="right">
      <frame index="3" offsetX="-4" offsetY="-50" delay="100"/>
      <frame index="3" offsetX="-4" offsetY="-51" delay="100"/>
      <frame index="3" offsetX="-1" offsetY="-48" delay="100"/>
      <frame index="3" offsetX="0" offsetY="-47" delay="100"/>
      <end/>
    </animation>
  </action>
  <action name="attack_spear" imageset="base">
    <animation direction="down">
      <frame index="0" offsetX="-3" offsetY="-49" delay="280"/>
      <frame index="0" offsetX="-3" offsetY="-50" delay="140"/>
      <frame index="0" offsetX="-3" offsetY="-44" delay="140"/>
      <end/>
    </animation>
    <animation direction="left">
      <frame index="1" offsetX="4" offsetY="-50" delay="140"/>
      <frame index="1" offsetX="7" offsetY="-48" delay="140"/>
      <frame index="1" offsetX="0" offsetY="-50" delay="140"/>
      <frame index="1" offsetX="0" offsetY="-47" delay="140"/>
      <end/>
    </animation>
    <animation direction="up">
      <frame index="2" offsetX="-5" offsetY="-49" delay="140"/>
      <frame index="2" offsetX="-4" offsetY="-49" delay="140"/>
      <frame index="2" offsetX="-4" offsetY="-48" delay="140"/>
      <frame index="2" offsetX="-5" offsetY="-53" delay="140"/>
      <end/>
    </animation>
    <animation direction="right">
      <frame index="3" offsetX="-4" offsetY="-50" delay="140"/>
      <frame index="3" offsetX="-6" offsetY="-48" delay="140"/>
      <frame index="3" offsetX="0" offsetY="-50" delay="140"/>
      <frame index="3" offsetX="1" offsetY="-47" delay="140"/>
      <end/>
    </animation>
  </action>
  <action name="attack_chop" imageset="base">
    <animation direction="down">
      <frame index="0" offsetX="-2" offsetY="-46" delay="280"/>
      <frame index="0" offsetX="-2" offsetY="-48" delay="140"/>
      <frame index="0" offsetX="-2" offsetY="-42" delay="140"/>
      <end/>
    </animation>
    <animation direction="left">
      <frame index="1" offsetX="3" offsetY="-50" delay="140"/>
      <frame index="1" offsetX="3" offsetY="-51" delay="280"/>
      <frame index="1" offsetX="-2" offsetY="-47" delay="140"/>
      <end/>
    </animation>
    <animation direction="up">
      <frame index="2" offsetX="-4" offsetY="-48" delay="140"/>
      <frame index="2" offsetX="-4" offsetY="-47" delay="280"/>
      <frame index="2" offsetX="-4" offsetY="-46" delay="140"/>
      <end/>
    </animation>
    <animation direction="right">
      <frame index="3" offsetX="-4" offsetY="-50" delay="140"/>
      <frame index="3" offsetX="-3" offsetY="-51" delay="280"/>
      <frame index="3" offsetX="2" offsetY="-47" delay="140"/>
      <end/>
    </animation>
  </action>
</sprite>
