<?xml version="1.0"?>
<avatars>
  <avatar id="11" name="Bouncer" width="32" height="64">
    <sprite variant="134">model/base.xml|#53202b,7f4f45,9e6a43,d09459,fcd3a1,fefffc;#2f312f,727471,a4a6a3,dad5f5;#3a3a3a,d5d5d5</sprite>
    <sprite>hairstyles/hairstyle02-oversized.xml|#53202b,7f4f45,9e6a43,d09459,fcd3a1,fefffc;#2f312f,727471,a4a6a3,dad5f5;#8c6625,dab425,ffffff</sprite>
    <sprite variant="134">equipment/legs/pants-oversized.xml|#581a1a,a41111,c03a3a,ff6060</sprite>
  </avatar>
  <avatar id="12" name="Numa" width="32" height="64">
    <sprite>model/base.xml|#53202b,7f4f45,9e6a43,d09459,fcd3a1,fefffc;#2f312f,727471,a4a6a3,dad5f5;#FF2615</sprite>
    <sprite>hairstyles/hairstyle00.xml|#53202b,7f4f45,9e6a43,d09459,fcd3a1,fefffc;#2f312f,727471,a4a6a3,dad5f5</sprite>
    <sprite>equipment/chest/tanktop.xml|#bf369b,f25cb1,ff87b7,ffcccf</sprite>
    <sprite>equipment/legs/skirt.xml|#bf369b,f25cb1,ff87b7,ffcccf</sprite>
    <sprite>equipment/head/moubootaurhead.xml</sprite>
  </avatar>
</avatars>
